curl -Lso deps/centijson-lin64.tar.gz "https://github.com/dkfans/kfx-deps/releases/download/20250418/centijson-lin64.tar.gz"
mkdir -p deps/centijson
echo "#define VER_MAJOR   1" > src/ver_defs.h.swp
mkdir -p obj
curl -Lso deps/astronomy-lin64.tar.gz "https://github.com/dkfans/kfx-deps/releases/download/20250418/astronomy-lin64.tar.gz"
mkdir -p deps/astronomy
curl -Lso deps/enet6-lin64.tar.gz "https://github.com/dkfans/kfx-deps/releases/download/20260213/enet6-lin64.tar.gz"
mkdir -p deps/enet6
curl -Lso deps/libcurl-lin64.tar.gz "https://github.com/dkfans/kfx-deps/releases/download/20260310/libcurl-lin64.tar.gz"
mkdir -p deps/libcurl
echo "#define VER_MINOR   4" >> src/ver_defs.h.swp
mkdir -p obj/centitoml
echo "#define VER_RELEASE 0" >> src/ver_defs.h.swp
echo "#define VER_BUILD   5702" >> src/ver_defs.h.swp
mkdir -p obj/glad/
mkdir -p bin
cc -g -DDEBUG -DBFDEBUG_LEVEL=0 -O3 -march=x86-64 -Isrc -Ideps/centijson/include -Ideps/centitoml -Ideps/astronomy/include -Ideps/enet6/include -Ideps/libcurl/include -I/usr/include/luajit-2.1 -isystem deps/glad/include  -Wall -Wextra -Wno-error -Werror=unused-result -Wno-unused-parameter -Wno-absolute-value -Wno-unknown-pragmas -Wno-format-truncation -Wno-sign-compare -MMD -MP -Wno-pedantic -c deps/glad/src/glad.c -o obj/glad/glad.o
echo "#define VER_STRING  \"1.4.0.5702 alpha\"" >> src/ver_defs.h.swp
echo "#define PACKAGE_SUFFIX  \"alpha\"" >> src/ver_defs.h.swp
echo "#define GIT_REVISION  \"v1.4.0.5700-alpha-1-g846a61925\"" >> src/ver_defs.h.swp
mv -f src/ver_defs.h.swp src/ver_defs.h
tar xzmf deps/centijson-lin64.tar.gz -C deps/centijson
tar xzmf deps/enet6-lin64.tar.gz -C deps/enet6
tar xzmf deps/astronomy-lin64.tar.gz -C deps/astronomy
tar xzmf deps/libcurl-lin64.tar.gz -C deps/libcurl
mkdir -p obj/
cc -g -DDEBUG -DBFDEBUG_LEVEL=0 -O3 -march=x86-64 -Isrc -Ideps/centijson/include -Ideps/centitoml -Ideps/astronomy/include -Ideps/enet6/include -Ideps/libcurl/include -I/usr/include/luajit-2.1 -isystem deps/glad/include  -Wall -Wextra -Wno-error -Werror=unused-result -Wno-unused-parameter -Wno-absolute-value -Wno-unknown-pragmas -Wno-format-truncation -Wno-sign-compare -MMD -MP -c src/actionpt.c -o obj/actionpt.o
mkdir -p obj/
cc -g -DDEBUG -DBFDEBUG_LEVEL=0 -O3 -march=x86-64 -Isrc -Ideps/centijson/include -Ideps/centitoml -Ideps/astronomy/include -Ideps/enet6/include -Ideps/libcurl/include -I/usr/include/luajit-2.1 -isystem deps/glad/include  -Wall -Wextra -Wno-error -Werror=unused-result -Wno-unused-parameter -Wno-absolute-value -Wno-unknown-pragmas -Wno-format-truncation -Wno-sign-compare -MMD -MP -c src/api.c -o obj/api.o
mkdir -p obj/
cc -g -DDEBUG -DBFDEBUG_LEVEL=0 -O3 -march=x86-64 -Isrc -Ideps/centijson/include -Ideps/centitoml -Ideps/astronomy/include -Ideps/enet6/include -Ideps/libcurl/include -I/usr/include/luajit-2.1 -isystem deps/glad/include  -Wall -Wextra -Wno-error -Werror=unused-result -Wno-unused-parameter -Wno-absolute-value -Wno-unknown-pragmas -Wno-format-truncation -Wno-sign-compare -MMD -MP -c src/ariadne.c -o obj/ariadne.o
mkdir -p obj/
cc -g -DDEBUG -DBFDEBUG_LEVEL=0 -O3 -march=x86-64 -Isrc -Ideps/centijson/include -Ideps/centitoml -Ideps/astronomy/include -Ideps/enet6/include -Ideps/libcurl/include -I/usr/include/luajit-2.1 -isystem deps/glad/include  -Wall -Wextra -Wno-error -Werror=unused-result -Wno-unused-parameter -Wno-absolute-value -Wno-unknown-pragmas -Wno-format-truncation -Wno-sign-compare -MMD -MP -c src/ariadne_edge.c -o obj/ariadne_edge.o
mkdir -p obj/
cc -g -DDEBUG -DBFDEBUG_LEVEL=0 -O3 -march=x86-64 -Isrc -Ideps/centijson/include -Ideps/centitoml -Ideps/astronomy/include -Ideps/enet6/include -Ideps/libcurl/include -I/usr/include/luajit-2.1 -isystem deps/glad/include  -Wall -Wextra -Wno-error -Werror=unused-result -Wno-unused-parameter -Wno-absolute-value -Wno-unknown-pragmas -Wno-format-truncation -Wno-sign-compare -MMD -MP -c src/ariadne_findcache.c -o obj/ariadne_findcache.o
mkdir -p obj/
cc -g -DDEBUG -DBFDEBUG_LEVEL=0 -O3 -march=x86-64 -Isrc -Ideps/centijson/include -Ideps/centitoml -Ideps/astronomy/include -Ideps/enet6/include -Ideps/libcurl/include -I/usr/include/luajit-2.1 -isystem deps/glad/include  -Wall -Wextra -Wno-error -Werror=unused-result -Wno-unused-parameter -Wno-absolute-value -Wno-unknown-pragmas -Wno-format-truncation -Wno-sign-compare -MMD -MP -c src/ariadne_naviheap.c -o obj/ariadne_naviheap.o
mkdir -p obj/
cc -g -DDEBUG -DBFDEBUG_LEVEL=0 -O3 -march=x86-64 -Isrc -Ideps/centijson/include -Ideps/centitoml -Ideps/astronomy/include -Ideps/enet6/include -Ideps/libcurl/include -I/usr/include/luajit-2.1 -isystem deps/glad/include  -Wall -Wextra -Wno-error -Werror=unused-result -Wno-unused-parameter -Wno-absolute-value -Wno-unknown-pragmas -Wno-format-truncation -Wno-sign-compare -MMD -MP -c src/ariadne_navitree.c -o obj/ariadne_navitree.o
mkdir -p obj/
cc -g -DDEBUG -DBFDEBUG_LEVEL=0 -O3 -march=x86-64 -Isrc -Ideps/centijson/include -Ideps/centitoml -Ideps/astronomy/include -Ideps/enet6/include -Ideps/libcurl/include -I/usr/include/luajit-2.1 -isystem deps/glad/include  -Wall -Wextra -Wno-error -Werror=unused-result -Wno-unused-parameter -Wno-absolute-value -Wno-unknown-pragmas -Wno-format-truncation -Wno-sign-compare -MMD -MP -c src/ariadne_points.c -o obj/ariadne_points.o
mkdir -p obj/
cc -g -DDEBUG -DBFDEBUG_LEVEL=0 -O3 -march=x86-64 -Isrc -Ideps/centijson/include -Ideps/centitoml -Ideps/astronomy/include -Ideps/enet6/include -Ideps/libcurl/include -I/usr/include/luajit-2.1 -isystem deps/glad/include  -Wall -Wextra -Wno-error -Werror=unused-result -Wno-unused-parameter -Wno-absolute-value -Wno-unknown-pragmas -Wno-format-truncation -Wno-sign-compare -MMD -MP -c src/ariadne_regions.c -o obj/ariadne_regions.o
mkdir -p obj/
cc -g -DDEBUG -DBFDEBUG_LEVEL=0 -O3 -march=x86-64 -Isrc -Ideps/centijson/include -Ideps/centitoml -Ideps/astronomy/include -Ideps/enet6/include -Ideps/libcurl/include -I/usr/include/luajit-2.1 -isystem deps/glad/include  -Wall -Wextra -Wno-error -Werror=unused-result -Wno-unused-parameter -Wno-absolute-value -Wno-unknown-pragmas -Wno-format-truncation -Wno-sign-compare -MMD -MP -c src/ariadne_tringls.c -o obj/ariadne_tringls.o
mkdir -p obj/
cc -g -DDEBUG -DBFDEBUG_LEVEL=0 -O3 -march=x86-64 -Isrc -Ideps/centijson/include -Ideps/centitoml -Ideps/astronomy/include -Ideps/enet6/include -Ideps/libcurl/include -I/usr/include/luajit-2.1 -isystem deps/glad/include  -Wall -Wextra -Wno-error -Werror=unused-result -Wno-unused-parameter -Wno-absolute-value -Wno-unknown-pragmas -Wno-format-truncation -Wno-sign-compare -MMD -MP -c src/ariadne_update.c -o obj/ariadne_update.o
mkdir -p obj/
cc -g -DDEBUG -DBFDEBUG_LEVEL=0 -O3 -march=x86-64 -Isrc -Ideps/centijson/include -Ideps/centitoml -Ideps/astronomy/include -Ideps/enet6/include -Ideps/libcurl/include -I/usr/include/luajit-2.1 -isystem deps/glad/include  -Wall -Wextra -Wno-error -Werror=unused-result -Wno-unused-parameter -Wno-absolute-value -Wno-unknown-pragmas -Wno-format-truncation -Wno-sign-compare -MMD -MP -c src/ariadne_wallhug.c -o obj/ariadne_wallhug.o
mkdir -p obj/
cc -g -DDEBUG -DBFDEBUG_LEVEL=0 -O3 -march=x86-64 -Isrc -Ideps/centijson/include -Ideps/centitoml -Ideps/astronomy/include -Ideps/enet6/include -Ideps/libcurl/include -I/usr/include/luajit-2.1 -isystem deps/glad/include  -Wall -Wextra -Wno-error -Werror=unused-result -Wno-unused-parameter -Wno-absolute-value -Wno-unknown-pragmas -Wno-format-truncation -Wno-sign-compare -MMD -MP -c src/bflib_basics.c -o obj/bflib_basics.o
mkdir -p obj/
cc -g -DDEBUG -DBFDEBUG_LEVEL=0 -O3 -march=x86-64 -Isrc -Ideps/centijson/include -Ideps/centitoml -Ideps/astronomy/include -Ideps/enet6/include -Ideps/libcurl/include -I/usr/include/luajit-2.1 -isystem deps/glad/include  -Wall -Wextra -Wno-error -Werror=unused-result -Wno-unused-parameter -Wno-absolute-value -Wno-unknown-pragmas -Wno-format-truncation -Wno-sign-compare -MMD -MP -c src/bflib_coroutine.c -o obj/bflib_coroutine.o
mkdir -p obj/
cc -g -DDEBUG -DBFDEBUG_LEVEL=0 -O3 -march=x86-64 -Isrc -Ideps/centijson/include -Ideps/centitoml -Ideps/astronomy/include -Ideps/enet6/include -Ideps/libcurl/include -I/usr/include/luajit-2.1 -isystem deps/glad/include  -Wall -Wextra -Wno-error -Werror=unused-result -Wno-unused-parameter -Wno-absolute-value -Wno-unknown-pragmas -Wno-format-truncation -Wno-sign-compare -MMD -MP -c src/bflib_cpu.c -o obj/bflib_cpu.o
mkdir -p obj/
cc -g -DDEBUG -DBFDEBUG_LEVEL=0 -O3 -march=x86-64 -Isrc -Ideps/centijson/include -Ideps/centitoml -Ideps/astronomy/include -Ideps/enet6/include -Ideps/libcurl/include -I/usr/include/luajit-2.1 -isystem deps/glad/include  -Wall -Wextra -Wno-error -Werror=unused-result -Wno-unused-parameter -Wno-absolute-value -Wno-unknown-pragmas -Wno-format-truncation -Wno-sign-compare -MMD -MP -c src/bflib_crash.c -o obj/bflib_crash.o
mkdir -p obj/
cc -g -DDEBUG -DBFDEBUG_LEVEL=0 -O3 -march=x86-64 -Isrc -Ideps/centijson/include -Ideps/centitoml -Ideps/astronomy/include -Ideps/enet6/include -Ideps/libcurl/include -I/usr/include/luajit-2.1 -isystem deps/glad/include  -Wall -Wextra -Wno-error -Werror=unused-result -Wno-unused-parameter -Wno-absolute-value -Wno-unknown-pragmas -Wno-format-truncation -Wno-sign-compare -MMD -MP -c src/bflib_dernc.c -o obj/bflib_dernc.o
mkdir -p obj/
cc -g -DDEBUG -DBFDEBUG_LEVEL=0 -O3 -march=x86-64 -Isrc -Ideps/centijson/include -Ideps/centitoml -Ideps/astronomy/include -Ideps/enet6/include -Ideps/libcurl/include -I/usr/include/luajit-2.1 -isystem deps/glad/include  -Wall -Wextra -Wno-error -Werror=unused-result -Wno-unused-parameter -Wno-absolute-value -Wno-unknown-pragmas -Wno-format-truncation -Wno-sign-compare -MMD -MP -c src/bflib_fileio.c -o obj/bflib_fileio.o
mkdir -p obj/
cc -g -DDEBUG -DBFDEBUG_LEVEL=0 -O3 -march=x86-64 -Isrc -Ideps/centijson/include -Ideps/centitoml -Ideps/astronomy/include -Ideps/enet6/include -Ideps/libcurl/include -I/usr/include/luajit-2.1 -isystem deps/glad/include  -Wall -Wextra -Wno-error -Werror=unused-result -Wno-unused-parameter -Wno-absolute-value -Wno-unknown-pragmas -Wno-format-truncation -Wno-sign-compare -MMD -MP -c src/bflib_filelst.c -o obj/bflib_filelst.o
mkdir -p obj/
cc -g -DDEBUG -DBFDEBUG_LEVEL=0 -O3 -march=x86-64 -Isrc -Ideps/centijson/include -Ideps/centitoml -Ideps/astronomy/include -Ideps/enet6/include -Ideps/libcurl/include -I/usr/include/luajit-2.1 -isystem deps/glad/include  -Wall -Wextra -Wno-error -Werror=unused-result -Wno-unused-parameter -Wno-absolute-value -Wno-unknown-pragmas -Wno-format-truncation -Wno-sign-compare -MMD -MP -c src/bflib_guibtns.c -o obj/bflib_guibtns.o
mkdir -p obj/
cc -g -DDEBUG -DBFDEBUG_LEVEL=0 -O3 -march=x86-64 -Isrc -Ideps/centijson/include -Ideps/centitoml -Ideps/astronomy/include -Ideps/enet6/include -Ideps/libcurl/include -I/usr/include/luajit-2.1 -isystem deps/glad/include  -Wall -Wextra -Wno-error -Werror=unused-result -Wno-unused-parameter -Wno-absolute-value -Wno-unknown-pragmas -Wno-format-truncation -Wno-sign-compare -MMD -MP -c src/bflib_keybrd.c -o obj/bflib_keybrd.o
mkdir -p obj/
cc -g -DDEBUG -DBFDEBUG_LEVEL=0 -O3 -march=x86-64 -Isrc -Ideps/centijson/include -Ideps/centitoml -Ideps/astronomy/include -Ideps/enet6/include -Ideps/libcurl/include -I/usr/include/luajit-2.1 -isystem deps/glad/include  -Wall -Wextra -Wno-error -Werror=unused-result -Wno-unused-parameter -Wno-absolute-value -Wno-unknown-pragmas -Wno-format-truncation -Wno-sign-compare -MMD -MP -c src/bflib_math.c -o obj/bflib_math.o
mkdir -p obj/
cc -g -DDEBUG -DBFDEBUG_LEVEL=0 -O3 -march=x86-64 -Isrc -Ideps/centijson/include -Ideps/centitoml -Ideps/astronomy/include -Ideps/enet6/include -Ideps/libcurl/include -I/usr/include/luajit-2.1 -isystem deps/glad/include  -Wall -Wextra -Wno-error -Werror=unused-result -Wno-unused-parameter -Wno-absolute-value -Wno-unknown-pragmas -Wno-format-truncation -Wno-sign-compare -MMD -MP -c src/bflib_netsession.c -o obj/bflib_netsession.o
mkdir -p obj/
cc -g -DDEBUG -DBFDEBUG_LEVEL=0 -O3 -march=x86-64 -Isrc -Ideps/centijson/include -Ideps/centitoml -Ideps/astronomy/include -Ideps/enet6/include -Ideps/libcurl/include -I/usr/include/luajit-2.1 -isystem deps/glad/include  -Wall -Wextra -Wno-error -Werror=unused-result -Wno-unused-parameter -Wno-absolute-value -Wno-unknown-pragmas -Wno-format-truncation -Wno-sign-compare -MMD -MP -c src/net_exchange_common.c -o obj/net_exchange_common.o
mkdir -p obj/
cc -g -DDEBUG -DBFDEBUG_LEVEL=0 -O3 -march=x86-64 -Isrc -Ideps/centijson/include -Ideps/centitoml -Ideps/astronomy/include -Ideps/enet6/include -Ideps/libcurl/include -I/usr/include/luajit-2.1 -isystem deps/glad/include  -Wall -Wextra -Wno-error -Werror=unused-result -Wno-unused-parameter -Wno-absolute-value -Wno-unknown-pragmas -Wno-format-truncation -Wno-sign-compare -MMD -MP -c src/net_exchange_gameplay.c -o obj/net_exchange_gameplay.o
mkdir -p obj/
cc -g -DDEBUG -DBFDEBUG_LEVEL=0 -O3 -march=x86-64 -Isrc -Ideps/centijson/include -Ideps/centitoml -Ideps/astronomy/include -Ideps/enet6/include -Ideps/libcurl/include -I/usr/include/luajit-2.1 -isystem deps/glad/include  -Wall -Wextra -Wno-error -Werror=unused-result -Wno-unused-parameter -Wno-absolute-value -Wno-unknown-pragmas -Wno-format-truncation -Wno-sign-compare -MMD -MP -c src/net_main.c -o obj/net_main.o
mkdir -p obj/
cc -g -DDEBUG -DBFDEBUG_LEVEL=0 -O3 -march=x86-64 -Isrc -Ideps/centijson/include -Ideps/centitoml -Ideps/astronomy/include -Ideps/enet6/include -Ideps/libcurl/include -I/usr/include/luajit-2.1 -isystem deps/glad/include  -Wall -Wextra -Wno-error -Werror=unused-result -Wno-unused-parameter -Wno-absolute-value -Wno-unknown-pragmas -Wno-format-truncation -Wno-sign-compare -MMD -MP -c src/net_lobby.c -o obj/net_lobby.o
mkdir -p obj/
cc -g -DDEBUG -DBFDEBUG_LEVEL=0 -O3 -march=x86-64 -Isrc -Ideps/centijson/include -Ideps/centitoml -Ideps/astronomy/include -Ideps/enet6/include -Ideps/libcurl/include -I/usr/include/luajit-2.1 -isystem deps/glad/include  -Wall -Wextra -Wno-error -Werror=unused-result -Wno-unused-parameter -Wno-absolute-value -Wno-unknown-pragmas -Wno-format-truncation -Wno-sign-compare -MMD -MP -c src/bflib_planar.c -o obj/bflib_planar.o
mkdir -p obj/kfx/renderer/software/
cc -g -DDEBUG -DBFDEBUG_LEVEL=0 -O3 -march=x86-64 -Isrc -Ideps/centijson/include -Ideps/centitoml -Ideps/astronomy/include -Ideps/enet6/include -Ideps/libcurl/include -I/usr/include/luajit-2.1 -isystem deps/glad/include  -Wall -Wextra -Wno-error -Werror=unused-result -Wno-unused-parameter -Wno-absolute-value -Wno-unknown-pragmas -Wno-format-truncation -Wno-sign-compare -MMD -MP -c src/kfx/renderer/software/bflib_render.c -o obj/kfx/renderer/software/bflib_render.o
mkdir -p obj/kfx/renderer/software/
cc -g -DDEBUG -DBFDEBUG_LEVEL=0 -O3 -march=x86-64 -Isrc -Ideps/centijson/include -Ideps/centitoml -Ideps/astronomy/include -Ideps/enet6/include -Ideps/libcurl/include -I/usr/include/luajit-2.1 -isystem deps/glad/include  -Wall -Wextra -Wno-error -Werror=unused-result -Wno-unused-parameter -Wno-absolute-value -Wno-unknown-pragmas -Wno-format-truncation -Wno-sign-compare -MMD -MP -c src/kfx/renderer/software/bflib_render_gpoly.c -o obj/kfx/renderer/software/bflib_render_gpoly.o
mkdir -p obj/kfx/renderer/software/
cc -g -DDEBUG -DBFDEBUG_LEVEL=0 -O3 -march=x86-64 -Isrc -Ideps/centijson/include -Ideps/centitoml -Ideps/astronomy/include -Ideps/enet6/include -Ideps/libcurl/include -I/usr/include/luajit-2.1 -isystem deps/glad/include  -Wall -Wextra -Wno-error -Werror=unused-result -Wno-unused-parameter -Wno-absolute-value -Wno-unknown-pragmas -Wno-format-truncation -Wno-sign-compare -MMD -MP -c src/kfx/renderer/software/bflib_render_trig.c -o obj/kfx/renderer/software/bflib_render_trig.o
mkdir -p obj/
cc -g -DDEBUG -DBFDEBUG_LEVEL=0 -O3 -march=x86-64 -Isrc -Ideps/centijson/include -Ideps/centitoml -Ideps/astronomy/include -Ideps/enet6/include -Ideps/libcurl/include -I/usr/include/luajit-2.1 -isystem deps/glad/include  -Wall -Wextra -Wno-error -Werror=unused-result -Wno-unused-parameter -Wno-absolute-value -Wno-unknown-pragmas -Wno-format-truncation -Wno-sign-compare -MMD -MP -c src/bflib_sound.c -o obj/bflib_sound.o
mkdir -p obj/
cc -g -DDEBUG -DBFDEBUG_LEVEL=0 -O3 -march=x86-64 -Isrc -Ideps/centijson/include -Ideps/centitoml -Ideps/astronomy/include -Ideps/enet6/include -Ideps/libcurl/include -I/usr/include/luajit-2.1 -isystem deps/glad/include  -Wall -Wextra -Wno-error -Werror=unused-result -Wno-unused-parameter -Wno-absolute-value -Wno-unknown-pragmas -Wno-format-truncation -Wno-sign-compare -MMD -MP -c src/bflib_sprfnt.c -o obj/bflib_sprfnt.o
mkdir -p obj/
cc -g -DDEBUG -DBFDEBUG_LEVEL=0 -O3 -march=x86-64 -Isrc -Ideps/centijson/include -Ideps/centitoml -Ideps/astronomy/include -Ideps/enet6/include -Ideps/libcurl/include -I/usr/include/luajit-2.1 -isystem deps/glad/include  -Wall -Wextra -Wno-error -Werror=unused-result -Wno-unused-parameter -Wno-absolute-value -Wno-unknown-pragmas -Wno-format-truncation -Wno-sign-compare -MMD -MP -c src/bflib_string.c -o obj/bflib_string.o
mkdir -p obj/
cc -g -DDEBUG -DBFDEBUG_LEVEL=0 -O3 -march=x86-64 -Isrc -Ideps/centijson/include -Ideps/centitoml -Ideps/astronomy/include -Ideps/enet6/include -Ideps/libcurl/include -I/usr/include/luajit-2.1 -isystem deps/glad/include  -Wall -Wextra -Wno-error -Werror=unused-result -Wno-unused-parameter -Wno-absolute-value -Wno-unknown-pragmas -Wno-format-truncation -Wno-sign-compare -MMD -MP -c src/bflib_text.c -o obj/bflib_text.o
mkdir -p obj/
cc -g -DDEBUG -DBFDEBUG_LEVEL=0 -O3 -march=x86-64 -Isrc -Ideps/centijson/include -Ideps/centitoml -Ideps/astronomy/include -Ideps/enet6/include -Ideps/libcurl/include -I/usr/include/luajit-2.1 -isystem deps/glad/include  -Wall -Wextra -Wno-error -Werror=unused-result -Wno-unused-parameter -Wno-absolute-value -Wno-unknown-pragmas -Wno-format-truncation -Wno-sign-compare -MMD -MP -c src/bflib_video.c -o obj/bflib_video.o
mkdir -p obj/kfx/renderer/software/
cc -g -DDEBUG -DBFDEBUG_LEVEL=0 -O3 -march=x86-64 -Isrc -Ideps/centijson/include -Ideps/centitoml -Ideps/astronomy/include -Ideps/enet6/include -Ideps/libcurl/include -I/usr/include/luajit-2.1 -isystem deps/glad/include  -Wall -Wextra -Wno-error -Werror=unused-result -Wno-unused-parameter -Wno-absolute-value -Wno-unknown-pragmas -Wno-format-truncation -Wno-sign-compare -MMD -MP -c src/kfx/renderer/software/bflib_vidraw.c -o obj/kfx/renderer/software/bflib_vidraw.o
mkdir -p obj/kfx/renderer/software/
cc -g -DDEBUG -DBFDEBUG_LEVEL=0 -O3 -march=x86-64 -Isrc -Ideps/centijson/include -Ideps/centitoml -Ideps/astronomy/include -Ideps/enet6/include -Ideps/libcurl/include -I/usr/include/luajit-2.1 -isystem deps/glad/include  -Wall -Wextra -Wno-error -Werror=unused-result -Wno-unused-parameter -Wno-absolute-value -Wno-unknown-pragmas -Wno-format-truncation -Wno-sign-compare -MMD -MP -c src/kfx/renderer/software/bflib_vidraw_spr_norm.c -o obj/kfx/renderer/software/bflib_vidraw_spr_norm.o
mkdir -p obj/kfx/renderer/software/
cc -g -DDEBUG -DBFDEBUG_LEVEL=0 -O3 -march=x86-64 -Isrc -Ideps/centijson/include -Ideps/centitoml -Ideps/astronomy/include -Ideps/enet6/include -Ideps/libcurl/include -I/usr/include/luajit-2.1 -isystem deps/glad/include  -Wall -Wextra -Wno-error -Werror=unused-result -Wno-unused-parameter -Wno-absolute-value -Wno-unknown-pragmas -Wno-format-truncation -Wno-sign-compare -MMD -MP -c src/kfx/renderer/software/bflib_vidraw_spr_onec.c -o obj/kfx/renderer/software/bflib_vidraw_spr_onec.o
mkdir -p obj/kfx/renderer/software/
cc -g -DDEBUG -DBFDEBUG_LEVEL=0 -O3 -march=x86-64 -Isrc -Ideps/centijson/include -Ideps/centitoml -Ideps/astronomy/include -Ideps/enet6/include -Ideps/libcurl/include -I/usr/include/luajit-2.1 -isystem deps/glad/include  -Wall -Wextra -Wno-error -Werror=unused-result -Wno-unused-parameter -Wno-absolute-value -Wno-unknown-pragmas -Wno-format-truncation -Wno-sign-compare -MMD -MP -c src/kfx/renderer/software/bflib_vidraw_spr_remp.c -o obj/kfx/renderer/software/bflib_vidraw_spr_remp.o
mkdir -p obj/kfx/renderer/software/
cc -g -DDEBUG -DBFDEBUG_LEVEL=0 -O3 -march=x86-64 -Isrc -Ideps/centijson/include -Ideps/centitoml -Ideps/astronomy/include -Ideps/enet6/include -Ideps/libcurl/include -I/usr/include/luajit-2.1 -isystem deps/glad/include  -Wall -Wextra -Wno-error -Werror=unused-result -Wno-unused-parameter -Wno-absolute-value -Wno-unknown-pragmas -Wno-format-truncation -Wno-sign-compare -MMD -MP -c src/kfx/renderer/software/SwDrawTarget.c -o obj/kfx/renderer/software/SwDrawTarget.o
mkdir -p obj/kfx/renderer/software/
cc -g -DDEBUG -DBFDEBUG_LEVEL=0 -O3 -march=x86-64 -Isrc -Ideps/centijson/include -Ideps/centitoml -Ideps/astronomy/include -Ideps/enet6/include -Ideps/libcurl/include -I/usr/include/luajit-2.1 -isystem deps/glad/include  -Wall -Wextra -Wno-error -Werror=unused-result -Wno-unused-parameter -Wno-absolute-value -Wno-unknown-pragmas -Wno-format-truncation -Wno-sign-compare -MMD -MP -c src/kfx/renderer/software/SwDisplaySurface.c -o obj/kfx/renderer/software/SwDisplaySurface.o
mkdir -p obj/kfx/renderer/software/
cc -g -DDEBUG -DBFDEBUG_LEVEL=0 -O3 -march=x86-64 -Isrc -Ideps/centijson/include -Ideps/centitoml -Ideps/astronomy/include -Ideps/enet6/include -Ideps/libcurl/include -I/usr/include/luajit-2.1 -isystem deps/glad/include  -Wall -Wextra -Wno-error -Werror=unused-result -Wno-unused-parameter -Wno-absolute-value -Wno-unknown-pragmas -Wno-format-truncation -Wno-sign-compare -MMD -MP -c src/kfx/renderer/software/SwZoomBoxTiles.c -o obj/kfx/renderer/software/SwZoomBoxTiles.o
mkdir -p obj/kfx/renderer/
cc -g -DDEBUG -DBFDEBUG_LEVEL=0 -O3 -march=x86-64 -Isrc -Ideps/centijson/include -Ideps/centitoml -Ideps/astronomy/include -Ideps/enet6/include -Ideps/libcurl/include -I/usr/include/luajit-2.1 -isystem deps/glad/include  -Wall -Wextra -Wno-error -Werror=unused-result -Wno-unused-parameter -Wno-absolute-value -Wno-unknown-pragmas -Wno-format-truncation -Wno-sign-compare -MMD -MP -c src/kfx/renderer/RendererSettings.c -o obj/kfx/renderer/RendererSettings.o
mkdir -p obj/kfx/ai/
cc -g -DDEBUG -DBFDEBUG_LEVEL=0 -O3 -march=x86-64 -Isrc -Ideps/centijson/include -Ideps/centitoml -Ideps/astronomy/include -Ideps/enet6/include -Ideps/libcurl/include -I/usr/include/luajit-2.1 -isystem deps/glad/include  -Wall -Wextra -Wno-error -Werror=unused-result -Wno-unused-parameter -Wno-absolute-value -Wno-unknown-pragmas -Wno-format-truncation -Wno-sign-compare -MMD -MP -c src/kfx/ai/TargetSearchProbe.c -o obj/kfx/ai/TargetSearchProbe.o
mkdir -p obj/
cc -g -DDEBUG -DBFDEBUG_LEVEL=0 -O3 -march=x86-64 -Isrc -Ideps/centijson/include -Ideps/centitoml -Ideps/astronomy/include -Ideps/enet6/include -Ideps/libcurl/include -I/usr/include/luajit-2.1 -isystem deps/glad/include  -Wall -Wextra -Wno-error -Werror=unused-result -Wno-unused-parameter -Wno-absolute-value -Wno-unknown-pragmas -Wno-format-truncation -Wno-sign-compare -MMD -MP -c src/button_snapping.c -o obj/button_snapping.o
mkdir -p obj/
cc -g -DDEBUG -DBFDEBUG_LEVEL=0 -O3 -march=x86-64 -Isrc -Ideps/centijson/include -Ideps/centitoml -Ideps/astronomy/include -Ideps/enet6/include -Ideps/libcurl/include -I/usr/include/luajit-2.1 -isystem deps/glad/include  -Wall -Wextra -Wno-error -Werror=unused-result -Wno-unused-parameter -Wno-absolute-value -Wno-unknown-pragmas -Wno-format-truncation -Wno-sign-compare -MMD -MP -c src/config.c -o obj/config.o
mkdir -p obj/
cc -g -DDEBUG -DBFDEBUG_LEVEL=0 -O3 -march=x86-64 -Isrc -Ideps/centijson/include -Ideps/centitoml -Ideps/astronomy/include -Ideps/enet6/include -Ideps/libcurl/include -I/usr/include/luajit-2.1 -isystem deps/glad/include  -Wall -Wextra -Wno-error -Werror=unused-result -Wno-unused-parameter -Wno-absolute-value -Wno-unknown-pragmas -Wno-format-truncation -Wno-sign-compare -MMD -MP -c src/config_campaigns.c -o obj/config_campaigns.o
mkdir -p obj/
cc -g -DDEBUG -DBFDEBUG_LEVEL=0 -O3 -march=x86-64 -Isrc -Ideps/centijson/include -Ideps/centitoml -Ideps/astronomy/include -Ideps/enet6/include -Ideps/libcurl/include -I/usr/include/luajit-2.1 -isystem deps/glad/include  -Wall -Wextra -Wno-error -Werror=unused-result -Wno-unused-parameter -Wno-absolute-value -Wno-unknown-pragmas -Wno-format-truncation -Wno-sign-compare -MMD -MP -c src/config_creature.c -o obj/config_creature.o
mkdir -p obj/
cc -g -DDEBUG -DBFDEBUG_LEVEL=0 -O3 -march=x86-64 -Isrc -Ideps/centijson/include -Ideps/centitoml -Ideps/astronomy/include -Ideps/enet6/include -Ideps/libcurl/include -I/usr/include/luajit-2.1 -isystem deps/glad/include  -Wall -Wextra -Wno-error -Werror=unused-result -Wno-unused-parameter -Wno-absolute-value -Wno-unknown-pragmas -Wno-format-truncation -Wno-sign-compare -MMD -MP -c src/config_crtrmodel.c -o obj/config_crtrmodel.o
mkdir -p obj/
cc -g -DDEBUG -DBFDEBUG_LEVEL=0 -O3 -march=x86-64 -Isrc -Ideps/centijson/include -Ideps/centitoml -Ideps/astronomy/include -Ideps/enet6/include -Ideps/libcurl/include -I/usr/include/luajit-2.1 -isystem deps/glad/include  -Wall -Wextra -Wno-error -Werror=unused-result -Wno-unused-parameter -Wno-absolute-value -Wno-unknown-pragmas -Wno-format-truncation -Wno-sign-compare -MMD -MP -c src/config_crtrstates.c -o obj/config_crtrstates.o
mkdir -p obj/
cc -g -DDEBUG -DBFDEBUG_LEVEL=0 -O3 -march=x86-64 -Isrc -Ideps/centijson/include -Ideps/centitoml -Ideps/astronomy/include -Ideps/enet6/include -Ideps/libcurl/include -I/usr/include/luajit-2.1 -isystem deps/glad/include  -Wall -Wextra -Wno-error -Werror=unused-result -Wno-unused-parameter -Wno-absolute-value -Wno-unknown-pragmas -Wno-format-truncation -Wno-sign-compare -MMD -MP -c src/config_keeperfx.c -o obj/config_keeperfx.o
mkdir -p obj/
cc -g -DDEBUG -DBFDEBUG_LEVEL=0 -O3 -march=x86-64 -Isrc -Ideps/centijson/include -Ideps/centitoml -Ideps/astronomy/include -Ideps/enet6/include -Ideps/libcurl/include -I/usr/include/luajit-2.1 -isystem deps/glad/include  -Wall -Wextra -Wno-error -Werror=unused-result -Wno-unused-parameter -Wno-absolute-value -Wno-unknown-pragmas -Wno-format-truncation -Wno-sign-compare -MMD -MP -c src/config_lenses.c -o obj/config_lenses.o
mkdir -p obj/
cc -g -DDEBUG -DBFDEBUG_LEVEL=0 -O3 -march=x86-64 -Isrc -Ideps/centijson/include -Ideps/centitoml -Ideps/astronomy/include -Ideps/enet6/include -Ideps/libcurl/include -I/usr/include/luajit-2.1 -isystem deps/glad/include  -Wall -Wextra -Wno-error -Werror=unused-result -Wno-unused-parameter -Wno-absolute-value -Wno-unknown-pragmas -Wno-format-truncation -Wno-sign-compare -MMD -MP -c src/config_magic.c -o obj/config_magic.o
mkdir -p obj/
cc -g -DDEBUG -DBFDEBUG_LEVEL=0 -O3 -march=x86-64 -Isrc -Ideps/centijson/include -Ideps/centitoml -Ideps/astronomy/include -Ideps/enet6/include -Ideps/libcurl/include -I/usr/include/luajit-2.1 -isystem deps/glad/include  -Wall -Wextra -Wno-error -Werror=unused-result -Wno-unused-parameter -Wno-absolute-value -Wno-unknown-pragmas -Wno-format-truncation -Wno-sign-compare -MMD -MP -c src/config_mods.c -o obj/config_mods.o
mkdir -p obj/
cc -g -DDEBUG -DBFDEBUG_LEVEL=0 -O3 -march=x86-64 -Isrc -Ideps/centijson/include -Ideps/centitoml -Ideps/astronomy/include -Ideps/enet6/include -Ideps/libcurl/include -I/usr/include/luajit-2.1 -isystem deps/glad/include  -Wall -Wextra -Wno-error -Werror=unused-result -Wno-unused-parameter -Wno-absolute-value -Wno-unknown-pragmas -Wno-format-truncation -Wno-sign-compare -MMD -MP -c src/config_objects.c -o obj/config_objects.o
mkdir -p obj/
cc -g -DDEBUG -DBFDEBUG_LEVEL=0 -O3 -march=x86-64 -Isrc -Ideps/centijson/include -Ideps/centitoml -Ideps/astronomy/include -Ideps/enet6/include -Ideps/libcurl/include -I/usr/include/luajit-2.1 -isystem deps/glad/include  -Wall -Wextra -Wno-error -Werror=unused-result -Wno-unused-parameter -Wno-absolute-value -Wno-unknown-pragmas -Wno-format-truncation -Wno-sign-compare -MMD -MP -c src/config_players.c -o obj/config_players.o
mkdir -p obj/
cc -g -DDEBUG -DBFDEBUG_LEVEL=0 -O3 -march=x86-64 -Isrc -Ideps/centijson/include -Ideps/centitoml -Ideps/astronomy/include -Ideps/enet6/include -Ideps/libcurl/include -I/usr/include/luajit-2.1 -isystem deps/glad/include  -Wall -Wextra -Wno-error -Werror=unused-result -Wno-unused-parameter -Wno-absolute-value -Wno-unknown-pragmas -Wno-format-truncation -Wno-sign-compare -MMD -MP -c src/config_powerhands.c -o obj/config_powerhands.o
mkdir -p obj/
cc -g -DDEBUG -DBFDEBUG_LEVEL=0 -O3 -march=x86-64 -Isrc -Ideps/centijson/include -Ideps/centitoml -Ideps/astronomy/include -Ideps/enet6/include -Ideps/libcurl/include -I/usr/include/luajit-2.1 -isystem deps/glad/include  -Wall -Wextra -Wno-error -Werror=unused-result -Wno-unused-parameter -Wno-absolute-value -Wno-unknown-pragmas -Wno-format-truncation -Wno-sign-compare -MMD -MP -c src/config_rules.c -o obj/config_rules.o
mkdir -p obj/
cc -g -DDEBUG -DBFDEBUG_LEVEL=0 -O3 -march=x86-64 -Isrc -Ideps/centijson/include -Ideps/centitoml -Ideps/astronomy/include -Ideps/enet6/include -Ideps/libcurl/include -I/usr/include/luajit-2.1 -isystem deps/glad/include  -Wall -Wextra -Wno-error -Werror=unused-result -Wno-unused-parameter -Wno-absolute-value -Wno-unknown-pragmas -Wno-format-truncation -Wno-sign-compare -MMD -MP -c src/config_sounds.c -o obj/config_sounds.o
mkdir -p obj/
cc -g -DDEBUG -DBFDEBUG_LEVEL=0 -O3 -march=x86-64 -Isrc -Ideps/centijson/include -Ideps/centitoml -Ideps/astronomy/include -Ideps/enet6/include -Ideps/libcurl/include -I/usr/include/luajit-2.1 -isystem deps/glad/include  -Wall -Wextra -Wno-error -Werror=unused-result -Wno-unused-parameter -Wno-absolute-value -Wno-unknown-pragmas -Wno-format-truncation -Wno-sign-compare -MMD -MP -c src/config_settings.c -o obj/config_settings.o
mkdir -p obj/
cc -g -DDEBUG -DBFDEBUG_LEVEL=0 -O3 -march=x86-64 -Isrc -Ideps/centijson/include -Ideps/centitoml -Ideps/astronomy/include -Ideps/enet6/include -Ideps/libcurl/include -I/usr/include/luajit-2.1 -isystem deps/glad/include  -Wall -Wextra -Wno-error -Werror=unused-result -Wno-unused-parameter -Wno-absolute-value -Wno-unknown-pragmas -Wno-format-truncation -Wno-sign-compare -MMD -MP -c src/config_slabsets.c -o obj/config_slabsets.o
mkdir -p obj/
cc -g -DDEBUG -DBFDEBUG_LEVEL=0 -O3 -march=x86-64 -Isrc -Ideps/centijson/include -Ideps/centitoml -Ideps/astronomy/include -Ideps/enet6/include -Ideps/libcurl/include -I/usr/include/luajit-2.1 -isystem deps/glad/include  -Wall -Wextra -Wno-error -Werror=unused-result -Wno-unused-parameter -Wno-absolute-value -Wno-unknown-pragmas -Wno-format-truncation -Wno-sign-compare -MMD -MP -c src/config_strings.c -o obj/config_strings.o
mkdir -p obj/
cc -g -DDEBUG -DBFDEBUG_LEVEL=0 -O3 -march=x86-64 -Isrc -Ideps/centijson/include -Ideps/centitoml -Ideps/astronomy/include -Ideps/enet6/include -Ideps/libcurl/include -I/usr/include/luajit-2.1 -isystem deps/glad/include  -Wall -Wextra -Wno-error -Werror=unused-result -Wno-unused-parameter -Wno-absolute-value -Wno-unknown-pragmas -Wno-format-truncation -Wno-sign-compare -MMD -MP -c src/config_terrain.c -o obj/config_terrain.o
mkdir -p obj/
cc -g -DDEBUG -DBFDEBUG_LEVEL=0 -O3 -march=x86-64 -Isrc -Ideps/centijson/include -Ideps/centitoml -Ideps/astronomy/include -Ideps/enet6/include -Ideps/libcurl/include -I/usr/include/luajit-2.1 -isystem deps/glad/include  -Wall -Wextra -Wno-error -Werror=unused-result -Wno-unused-parameter -Wno-absolute-value -Wno-unknown-pragmas -Wno-format-truncation -Wno-sign-compare -MMD -MP -c src/config_cubes.c -o obj/config_cubes.o
mkdir -p obj/
cc -g -DDEBUG -DBFDEBUG_LEVEL=0 -O3 -march=x86-64 -Isrc -Ideps/centijson/include -Ideps/centitoml -Ideps/astronomy/include -Ideps/enet6/include -Ideps/libcurl/include -I/usr/include/luajit-2.1 -isystem deps/glad/include  -Wall -Wextra -Wno-error -Werror=unused-result -Wno-unused-parameter -Wno-absolute-value -Wno-unknown-pragmas -Wno-format-truncation -Wno-sign-compare -MMD -MP -c src/config_textures.c -o obj/config_textures.o
mkdir -p obj/
cc -g -DDEBUG -DBFDEBUG_LEVEL=0 -O3 -march=x86-64 -Isrc -Ideps/centijson/include -Ideps/centitoml -Ideps/astronomy/include -Ideps/enet6/include -Ideps/libcurl/include -I/usr/include/luajit-2.1 -isystem deps/glad/include  -Wall -Wextra -Wno-error -Werror=unused-result -Wno-unused-parameter -Wno-absolute-value -Wno-unknown-pragmas -Wno-format-truncation -Wno-sign-compare -MMD -MP -c src/config_translation.c -o obj/config_translation.o
mkdir -p obj/
cc -g -DDEBUG -DBFDEBUG_LEVEL=0 -O3 -march=x86-64 -Isrc -Ideps/centijson/include -Ideps/centitoml -Ideps/astronomy/include -Ideps/enet6/include -Ideps/libcurl/include -I/usr/include/luajit-2.1 -isystem deps/glad/include  -Wall -Wextra -Wno-error -Werror=unused-result -Wno-unused-parameter -Wno-absolute-value -Wno-unknown-pragmas -Wno-format-truncation -Wno-sign-compare -MMD -MP -c src/config_trapdoor.c -o obj/config_trapdoor.o
mkdir -p obj/
cc -g -DDEBUG -DBFDEBUG_LEVEL=0 -O3 -march=x86-64 -Isrc -Ideps/centijson/include -Ideps/centitoml -Ideps/astronomy/include -Ideps/enet6/include -Ideps/libcurl/include -I/usr/include/luajit-2.1 -isystem deps/glad/include  -Wall -Wextra -Wno-error -Werror=unused-result -Wno-unused-parameter -Wno-absolute-value -Wno-unknown-pragmas -Wno-format-truncation -Wno-sign-compare -MMD -MP -c src/config_spritecolors.c -o obj/config_spritecolors.o
mkdir -p obj/
cc -g -DDEBUG -DBFDEBUG_LEVEL=0 -O3 -march=x86-64 -Isrc -Ideps/centijson/include -Ideps/centitoml -Ideps/astronomy/include -Ideps/enet6/include -Ideps/libcurl/include -I/usr/include/luajit-2.1 -isystem deps/glad/include  -Wall -Wextra -Wno-error -Werror=unused-result -Wno-unused-parameter -Wno-absolute-value -Wno-unknown-pragmas -Wno-format-truncation -Wno-sign-compare -MMD -MP -c src/console_cmd.c -o obj/console_cmd.o
mkdir -p obj/
cc -g -DDEBUG -DBFDEBUG_LEVEL=0 -O3 -march=x86-64 -Isrc -Ideps/centijson/include -Ideps/centitoml -Ideps/astronomy/include -Ideps/enet6/include -Ideps/libcurl/include -I/usr/include/luajit-2.1 -isystem deps/glad/include  -Wall -Wextra -Wno-error -Werror=unused-result -Wno-unused-parameter -Wno-absolute-value -Wno-unknown-pragmas -Wno-format-truncation -Wno-sign-compare -MMD -MP -c src/custom_sprites.c -o obj/custom_sprites.o
mkdir -p obj/
cc -g -DDEBUG -DBFDEBUG_LEVEL=0 -O3 -march=x86-64 -Isrc -Ideps/centijson/include -Ideps/centitoml -Ideps/astronomy/include -Ideps/enet6/include -Ideps/libcurl/include -I/usr/include/luajit-2.1 -isystem deps/glad/include  -Wall -Wextra -Wno-error -Werror=unused-result -Wno-unused-parameter -Wno-absolute-value -Wno-unknown-pragmas -Wno-format-truncation -Wno-sign-compare -MMD -MP -c src/custom_zip.c -o obj/custom_zip.o
mkdir -p obj/
cc -g -DDEBUG -DBFDEBUG_LEVEL=0 -O3 -march=x86-64 -Isrc -Ideps/centijson/include -Ideps/centitoml -Ideps/astronomy/include -Ideps/enet6/include -Ideps/libcurl/include -I/usr/include/luajit-2.1 -isystem deps/glad/include  -Wall -Wextra -Wno-error -Werror=unused-result -Wno-unused-parameter -Wno-absolute-value -Wno-unknown-pragmas -Wno-format-truncation -Wno-sign-compare -MMD -MP -c src/creature_battle.c -o obj/creature_battle.o
mkdir -p obj/
cc -g -DDEBUG -DBFDEBUG_LEVEL=0 -O3 -march=x86-64 -Isrc -Ideps/centijson/include -Ideps/centitoml -Ideps/astronomy/include -Ideps/enet6/include -Ideps/libcurl/include -I/usr/include/luajit-2.1 -isystem deps/glad/include  -Wall -Wextra -Wno-error -Werror=unused-result -Wno-unused-parameter -Wno-absolute-value -Wno-unknown-pragmas -Wno-format-truncation -Wno-sign-compare -MMD -MP -c src/creature_control.c -o obj/creature_control.o
mkdir -p obj/
cc -g -DDEBUG -DBFDEBUG_LEVEL=0 -O3 -march=x86-64 -Isrc -Ideps/centijson/include -Ideps/centitoml -Ideps/astronomy/include -Ideps/enet6/include -Ideps/libcurl/include -I/usr/include/luajit-2.1 -isystem deps/glad/include  -Wall -Wextra -Wno-error -Werror=unused-result -Wno-unused-parameter -Wno-absolute-value -Wno-unknown-pragmas -Wno-format-truncation -Wno-sign-compare -MMD -MP -c src/creature_graphics.c -o obj/creature_graphics.o
mkdir -p obj/
cc -g -DDEBUG -DBFDEBUG_LEVEL=0 -O3 -march=x86-64 -Isrc -Ideps/centijson/include -Ideps/centitoml -Ideps/astronomy/include -Ideps/enet6/include -Ideps/libcurl/include -I/usr/include/luajit-2.1 -isystem deps/glad/include  -Wall -Wextra -Wno-error -Werror=unused-result -Wno-unused-parameter -Wno-absolute-value -Wno-unknown-pragmas -Wno-format-truncation -Wno-sign-compare -MMD -MP -c src/creature_groups.c -o obj/creature_groups.o
mkdir -p obj/
cc -g -DDEBUG -DBFDEBUG_LEVEL=0 -O3 -march=x86-64 -Isrc -Ideps/centijson/include -Ideps/centitoml -Ideps/astronomy/include -Ideps/enet6/include -Ideps/libcurl/include -I/usr/include/luajit-2.1 -isystem deps/glad/include  -Wall -Wextra -Wno-error -Werror=unused-result -Wno-unused-parameter -Wno-absolute-value -Wno-unknown-pragmas -Wno-format-truncation -Wno-sign-compare -MMD -MP -c src/creature_instances.c -o obj/creature_instances.o
mkdir -p obj/
cc -g -DDEBUG -DBFDEBUG_LEVEL=0 -O3 -march=x86-64 -Isrc -Ideps/centijson/include -Ideps/centitoml -Ideps/astronomy/include -Ideps/enet6/include -Ideps/libcurl/include -I/usr/include/luajit-2.1 -isystem deps/glad/include  -Wall -Wextra -Wno-error -Werror=unused-result -Wno-unused-parameter -Wno-absolute-value -Wno-unknown-pragmas -Wno-format-truncation -Wno-sign-compare -MMD -MP -c src/creature_jobs.c -o obj/creature_jobs.o
mkdir -p obj/
cc -g -DDEBUG -DBFDEBUG_LEVEL=0 -O3 -march=x86-64 -Isrc -Ideps/centijson/include -Ideps/centitoml -Ideps/astronomy/include -Ideps/enet6/include -Ideps/libcurl/include -I/usr/include/luajit-2.1 -isystem deps/glad/include  -Wall -Wextra -Wno-error -Werror=unused-result -Wno-unused-parameter -Wno-absolute-value -Wno-unknown-pragmas -Wno-format-truncation -Wno-sign-compare -MMD -MP -c src/creature_senses.c -o obj/creature_senses.o
mkdir -p obj/
cc -g -DDEBUG -DBFDEBUG_LEVEL=0 -O3 -march=x86-64 -Isrc -Ideps/centijson/include -Ideps/centitoml -Ideps/astronomy/include -Ideps/enet6/include -Ideps/libcurl/include -I/usr/include/luajit-2.1 -isystem deps/glad/include  -Wall -Wextra -Wno-error -Werror=unused-result -Wno-unused-parameter -Wno-absolute-value -Wno-unknown-pragmas -Wno-format-truncation -Wno-sign-compare -MMD -MP -c src/creature_states.c -o obj/creature_states.o
mkdir -p obj/
cc -g -DDEBUG -DBFDEBUG_LEVEL=0 -O3 -march=x86-64 -Isrc -Ideps/centijson/include -Ideps/centitoml -Ideps/astronomy/include -Ideps/enet6/include -Ideps/libcurl/include -I/usr/include/luajit-2.1 -isystem deps/glad/include  -Wall -Wextra -Wno-error -Werror=unused-result -Wno-unused-parameter -Wno-absolute-value -Wno-unknown-pragmas -Wno-format-truncation -Wno-sign-compare -MMD -MP -c src/creature_states_barck.c -o obj/creature_states_barck.o
mkdir -p obj/
cc -g -DDEBUG -DBFDEBUG_LEVEL=0 -O3 -march=x86-64 -Isrc -Ideps/centijson/include -Ideps/centitoml -Ideps/astronomy/include -Ideps/enet6/include -Ideps/libcurl/include -I/usr/include/luajit-2.1 -isystem deps/glad/include  -Wall -Wextra -Wno-error -Werror=unused-result -Wno-unused-parameter -Wno-absolute-value -Wno-unknown-pragmas -Wno-format-truncation -Wno-sign-compare -MMD -MP -c src/creature_states_combt.c -o obj/creature_states_combt.o
mkdir -p obj/
cc -g -DDEBUG -DBFDEBUG_LEVEL=0 -O3 -march=x86-64 -Isrc -Ideps/centijson/include -Ideps/centitoml -Ideps/astronomy/include -Ideps/enet6/include -Ideps/libcurl/include -I/usr/include/luajit-2.1 -isystem deps/glad/include  -Wall -Wextra -Wno-error -Werror=unused-result -Wno-unused-parameter -Wno-absolute-value -Wno-unknown-pragmas -Wno-format-truncation -Wno-sign-compare -MMD -MP -c src/creature_states_gardn.c -o obj/creature_states_gardn.o
mkdir -p obj/
cc -g -DDEBUG -DBFDEBUG_LEVEL=0 -O3 -march=x86-64 -Isrc -Ideps/centijson/include -Ideps/centitoml -Ideps/astronomy/include -Ideps/enet6/include -Ideps/libcurl/include -I/usr/include/luajit-2.1 -isystem deps/glad/include  -Wall -Wextra -Wno-error -Werror=unused-result -Wno-unused-parameter -Wno-absolute-value -Wno-unknown-pragmas -Wno-format-truncation -Wno-sign-compare -MMD -MP -c src/creature_states_guard.c -o obj/creature_states_guard.o
mkdir -p obj/
cc -g -DDEBUG -DBFDEBUG_LEVEL=0 -O3 -march=x86-64 -Isrc -Ideps/centijson/include -Ideps/centitoml -Ideps/astronomy/include -Ideps/enet6/include -Ideps/libcurl/include -I/usr/include/luajit-2.1 -isystem deps/glad/include  -Wall -Wextra -Wno-error -Werror=unused-result -Wno-unused-parameter -Wno-absolute-value -Wno-unknown-pragmas -Wno-format-truncation -Wno-sign-compare -MMD -MP -c src/creature_states_hero.c -o obj/creature_states_hero.o
mkdir -p obj/
cc -g -DDEBUG -DBFDEBUG_LEVEL=0 -O3 -march=x86-64 -Isrc -Ideps/centijson/include -Ideps/centitoml -Ideps/astronomy/include -Ideps/enet6/include -Ideps/libcurl/include -I/usr/include/luajit-2.1 -isystem deps/glad/include  -Wall -Wextra -Wno-error -Werror=unused-result -Wno-unused-parameter -Wno-absolute-value -Wno-unknown-pragmas -Wno-format-truncation -Wno-sign-compare -MMD -MP -c src/creature_states_lair.c -o obj/creature_states_lair.o
mkdir -p obj/
cc -g -DDEBUG -DBFDEBUG_LEVEL=0 -O3 -march=x86-64 -Isrc -Ideps/centijson/include -Ideps/centitoml -Ideps/astronomy/include -Ideps/enet6/include -Ideps/libcurl/include -I/usr/include/luajit-2.1 -isystem deps/glad/include  -Wall -Wextra -Wno-error -Werror=unused-result -Wno-unused-parameter -Wno-absolute-value -Wno-unknown-pragmas -Wno-format-truncation -Wno-sign-compare -MMD -MP -c src/creature_states_mood.c -o obj/creature_states_mood.o
mkdir -p obj/
cc -g -DDEBUG -DBFDEBUG_LEVEL=0 -O3 -march=x86-64 -Isrc -Ideps/centijson/include -Ideps/centitoml -Ideps/astronomy/include -Ideps/enet6/include -Ideps/libcurl/include -I/usr/include/luajit-2.1 -isystem deps/glad/include  -Wall -Wextra -Wno-error -Werror=unused-result -Wno-unused-parameter -Wno-absolute-value -Wno-unknown-pragmas -Wno-format-truncation -Wno-sign-compare -MMD -MP -c src/creature_states_pray.c -o obj/creature_states_pray.o
mkdir -p obj/
cc -g -DDEBUG -DBFDEBUG_LEVEL=0 -O3 -march=x86-64 -Isrc -Ideps/centijson/include -Ideps/centitoml -Ideps/astronomy/include -Ideps/enet6/include -Ideps/libcurl/include -I/usr/include/luajit-2.1 -isystem deps/glad/include  -Wall -Wextra -Wno-error -Werror=unused-result -Wno-unused-parameter -Wno-absolute-value -Wno-unknown-pragmas -Wno-format-truncation -Wno-sign-compare -MMD -MP -c src/creature_states_prisn.c -o obj/creature_states_prisn.o
mkdir -p obj/
cc -g -DDEBUG -DBFDEBUG_LEVEL=0 -O3 -march=x86-64 -Isrc -Ideps/centijson/include -Ideps/centitoml -Ideps/astronomy/include -Ideps/enet6/include -Ideps/libcurl/include -I/usr/include/luajit-2.1 -isystem deps/glad/include  -Wall -Wextra -Wno-error -Werror=unused-result -Wno-unused-parameter -Wno-absolute-value -Wno-unknown-pragmas -Wno-format-truncation -Wno-sign-compare -MMD -MP -c src/creature_states_rsrch.c -o obj/creature_states_rsrch.o
mkdir -p obj/
cc -g -DDEBUG -DBFDEBUG_LEVEL=0 -O3 -march=x86-64 -Isrc -Ideps/centijson/include -Ideps/centitoml -Ideps/astronomy/include -Ideps/enet6/include -Ideps/libcurl/include -I/usr/include/luajit-2.1 -isystem deps/glad/include  -Wall -Wextra -Wno-error -Werror=unused-result -Wno-unused-parameter -Wno-absolute-value -Wno-unknown-pragmas -Wno-format-truncation -Wno-sign-compare -MMD -MP -c src/creature_states_scavn.c -o obj/creature_states_scavn.o
mkdir -p obj/
cc -g -DDEBUG -DBFDEBUG_LEVEL=0 -O3 -march=x86-64 -Isrc -Ideps/centijson/include -Ideps/centitoml -Ideps/astronomy/include -Ideps/enet6/include -Ideps/libcurl/include -I/usr/include/luajit-2.1 -isystem deps/glad/include  -Wall -Wextra -Wno-error -Werror=unused-result -Wno-unused-parameter -Wno-absolute-value -Wno-unknown-pragmas -Wno-format-truncation -Wno-sign-compare -MMD -MP -c src/creature_states_spdig.c -o obj/creature_states_spdig.o
mkdir -p obj/
cc -g -DDEBUG -DBFDEBUG_LEVEL=0 -O3 -march=x86-64 -Isrc -Ideps/centijson/include -Ideps/centitoml -Ideps/astronomy/include -Ideps/enet6/include -Ideps/libcurl/include -I/usr/include/luajit-2.1 -isystem deps/glad/include  -Wall -Wextra -Wno-error -Werror=unused-result -Wno-unused-parameter -Wno-absolute-value -Wno-unknown-pragmas -Wno-format-truncation -Wno-sign-compare -MMD -MP -c src/creature_states_tortr.c -o obj/creature_states_tortr.o
mkdir -p obj/
cc -g -DDEBUG -DBFDEBUG_LEVEL=0 -O3 -march=x86-64 -Isrc -Ideps/centijson/include -Ideps/centitoml -Ideps/astronomy/include -Ideps/enet6/include -Ideps/libcurl/include -I/usr/include/luajit-2.1 -isystem deps/glad/include  -Wall -Wextra -Wno-error -Werror=unused-result -Wno-unused-parameter -Wno-absolute-value -Wno-unknown-pragmas -Wno-format-truncation -Wno-sign-compare -MMD -MP -c src/creature_states_train.c -o obj/creature_states_train.o
mkdir -p obj/
cc -g -DDEBUG -DBFDEBUG_LEVEL=0 -O3 -march=x86-64 -Isrc -Ideps/centijson/include -Ideps/centitoml -Ideps/astronomy/include -Ideps/enet6/include -Ideps/libcurl/include -I/usr/include/luajit-2.1 -isystem deps/glad/include  -Wall -Wextra -Wno-error -Werror=unused-result -Wno-unused-parameter -Wno-absolute-value -Wno-unknown-pragmas -Wno-format-truncation -Wno-sign-compare -MMD -MP -c src/creature_states_tresr.c -o obj/creature_states_tresr.o
mkdir -p obj/
cc -g -DDEBUG -DBFDEBUG_LEVEL=0 -O3 -march=x86-64 -Isrc -Ideps/centijson/include -Ideps/centitoml -Ideps/astronomy/include -Ideps/enet6/include -Ideps/libcurl/include -I/usr/include/luajit-2.1 -isystem deps/glad/include  -Wall -Wextra -Wno-error -Werror=unused-result -Wno-unused-parameter -Wno-absolute-value -Wno-unknown-pragmas -Wno-format-truncation -Wno-sign-compare -MMD -MP -c src/creature_states_wrshp.c -o obj/creature_states_wrshp.o
mkdir -p obj/
cc -g -DDEBUG -DBFDEBUG_LEVEL=0 -O3 -march=x86-64 -Isrc -Ideps/centijson/include -Ideps/centitoml -Ideps/astronomy/include -Ideps/enet6/include -Ideps/libcurl/include -I/usr/include/luajit-2.1 -isystem deps/glad/include  -Wall -Wextra -Wno-error -Werror=unused-result -Wno-unused-parameter -Wno-absolute-value -Wno-unknown-pragmas -Wno-format-truncation -Wno-sign-compare -MMD -MP -c src/cursor_tag.c -o obj/cursor_tag.o
mkdir -p obj/
cc -g -DDEBUG -DBFDEBUG_LEVEL=0 -O3 -march=x86-64 -Isrc -Ideps/centijson/include -Ideps/centitoml -Ideps/astronomy/include -Ideps/enet6/include -Ideps/libcurl/include -I/usr/include/luajit-2.1 -isystem deps/glad/include  -Wall -Wextra -Wno-error -Werror=unused-result -Wno-unused-parameter -Wno-absolute-value -Wno-unknown-pragmas -Wno-format-truncation -Wno-sign-compare -MMD -MP -c src/dungeon_data.c -o obj/dungeon_data.o
mkdir -p obj/
cc -g -DDEBUG -DBFDEBUG_LEVEL=0 -O3 -march=x86-64 -Isrc -Ideps/centijson/include -Ideps/centitoml -Ideps/astronomy/include -Ideps/enet6/include -Ideps/libcurl/include -I/usr/include/luajit-2.1 -isystem deps/glad/include  -Wall -Wextra -Wno-error -Werror=unused-result -Wno-unused-parameter -Wno-absolute-value -Wno-unknown-pragmas -Wno-format-truncation -Wno-sign-compare -MMD -MP -c src/dungeon_stats.c -o obj/dungeon_stats.o
mkdir -p obj/
cc -g -DDEBUG -DBFDEBUG_LEVEL=0 -O3 -march=x86-64 -Isrc -Ideps/centijson/include -Ideps/centitoml -Ideps/astronomy/include -Ideps/enet6/include -Ideps/libcurl/include -I/usr/include/luajit-2.1 -isystem deps/glad/include  -Wall -Wextra -Wno-error -Werror=unused-result -Wno-unused-parameter -Wno-absolute-value -Wno-unknown-pragmas -Wno-format-truncation -Wno-sign-compare -MMD -MP -c src/engine_arrays.c -o obj/engine_arrays.o
mkdir -p obj/
cc -g -DDEBUG -DBFDEBUG_LEVEL=0 -O3 -march=x86-64 -Isrc -Ideps/centijson/include -Ideps/centitoml -Ideps/astronomy/include -Ideps/enet6/include -Ideps/libcurl/include -I/usr/include/luajit-2.1 -isystem deps/glad/include  -Wall -Wextra -Wno-error -Werror=unused-result -Wno-unused-parameter -Wno-absolute-value -Wno-unknown-pragmas -Wno-format-truncation -Wno-sign-compare -MMD -MP -c src/engine_camera.c -o obj/engine_camera.o
mkdir -p obj/
cc -g -DDEBUG -DBFDEBUG_LEVEL=0 -O3 -march=x86-64 -Isrc -Ideps/centijson/include -Ideps/centitoml -Ideps/astronomy/include -Ideps/enet6/include -Ideps/libcurl/include -I/usr/include/luajit-2.1 -isystem deps/glad/include  -Wall -Wextra -Wno-error -Werror=unused-result -Wno-unused-parameter -Wno-absolute-value -Wno-unknown-pragmas -Wno-format-truncation -Wno-sign-compare -MMD -MP -c src/local_camera.c -o obj/local_camera.o
mkdir -p obj/
cc -g -DDEBUG -DBFDEBUG_LEVEL=0 -O3 -march=x86-64 -Isrc -Ideps/centijson/include -Ideps/centitoml -Ideps/astronomy/include -Ideps/enet6/include -Ideps/libcurl/include -I/usr/include/luajit-2.1 -isystem deps/glad/include  -Wall -Wextra -Wno-error -Werror=unused-result -Wno-unused-parameter -Wno-absolute-value -Wno-unknown-pragmas -Wno-format-truncation -Wno-sign-compare -MMD -MP -c src/engine_lenses.c -o obj/engine_lenses.o
mkdir -p obj/
cc -g -DDEBUG -DBFDEBUG_LEVEL=0 -O3 -march=x86-64 -Isrc -Ideps/centijson/include -Ideps/centitoml -Ideps/astronomy/include -Ideps/enet6/include -Ideps/libcurl/include -I/usr/include/luajit-2.1 -isystem deps/glad/include  -Wall -Wextra -Wno-error -Werror=unused-result -Wno-unused-parameter -Wno-absolute-value -Wno-unknown-pragmas -Wno-format-truncation -Wno-sign-compare -MMD -MP -c src/engine_redraw.c -o obj/engine_redraw.o
mkdir -p obj/
cc -g -DDEBUG -DBFDEBUG_LEVEL=0 -O3 -march=x86-64 -Isrc -Ideps/centijson/include -Ideps/centitoml -Ideps/astronomy/include -Ideps/enet6/include -Ideps/libcurl/include -I/usr/include/luajit-2.1 -isystem deps/glad/include  -Wall -Wextra -Wno-error -Werror=unused-result -Wno-unused-parameter -Wno-absolute-value -Wno-unknown-pragmas -Wno-format-truncation -Wno-sign-compare -MMD -MP -c src/engine_render.c -o obj/engine_render.o
mkdir -p obj/
cc -g -DDEBUG -DBFDEBUG_LEVEL=0 -O3 -march=x86-64 -Isrc -Ideps/centijson/include -Ideps/centitoml -Ideps/astronomy/include -Ideps/enet6/include -Ideps/libcurl/include -I/usr/include/luajit-2.1 -isystem deps/glad/include  -Wall -Wextra -Wno-error -Werror=unused-result -Wno-unused-parameter -Wno-absolute-value -Wno-unknown-pragmas -Wno-format-truncation -Wno-sign-compare -MMD -MP -c src/engine_textures.c -o obj/engine_textures.o
mkdir -p obj/
cc -g -DDEBUG -DBFDEBUG_LEVEL=0 -O3 -march=x86-64 -Isrc -Ideps/centijson/include -Ideps/centitoml -Ideps/astronomy/include -Ideps/enet6/include -Ideps/libcurl/include -I/usr/include/luajit-2.1 -isystem deps/glad/include  -Wall -Wextra -Wno-error -Werror=unused-result -Wno-unused-parameter -Wno-absolute-value -Wno-unknown-pragmas -Wno-format-truncation -Wno-sign-compare -MMD -MP -c src/front_credits.c -o obj/front_credits.o
mkdir -p obj/
cc -g -DDEBUG -DBFDEBUG_LEVEL=0 -O3 -march=x86-64 -Isrc -Ideps/centijson/include -Ideps/centitoml -Ideps/astronomy/include -Ideps/enet6/include -Ideps/libcurl/include -I/usr/include/luajit-2.1 -isystem deps/glad/include  -Wall -Wextra -Wno-error -Werror=unused-result -Wno-unused-parameter -Wno-absolute-value -Wno-unknown-pragmas -Wno-format-truncation -Wno-sign-compare -MMD -MP -c src/front_easter.c -o obj/front_easter.o
mkdir -p obj/
cc -g -DDEBUG -DBFDEBUG_LEVEL=0 -O3 -march=x86-64 -Isrc -Ideps/centijson/include -Ideps/centitoml -Ideps/astronomy/include -Ideps/enet6/include -Ideps/libcurl/include -I/usr/include/luajit-2.1 -isystem deps/glad/include  -Wall -Wextra -Wno-error -Werror=unused-result -Wno-unused-parameter -Wno-absolute-value -Wno-unknown-pragmas -Wno-format-truncation -Wno-sign-compare -MMD -MP -c src/front_fmvids.c -o obj/front_fmvids.o
mkdir -p obj/
cc -g -DDEBUG -DBFDEBUG_LEVEL=0 -O3 -march=x86-64 -Isrc -Ideps/centijson/include -Ideps/centitoml -Ideps/astronomy/include -Ideps/enet6/include -Ideps/libcurl/include -I/usr/include/luajit-2.1 -isystem deps/glad/include  -Wall -Wextra -Wno-error -Werror=unused-result -Wno-unused-parameter -Wno-absolute-value -Wno-unknown-pragmas -Wno-format-truncation -Wno-sign-compare -MMD -MP -c src/front_highscore.c -o obj/front_highscore.o
mkdir -p obj/
cc -g -DDEBUG -DBFDEBUG_LEVEL=0 -O3 -march=x86-64 -Isrc -Ideps/centijson/include -Ideps/centitoml -Ideps/astronomy/include -Ideps/enet6/include -Ideps/libcurl/include -I/usr/include/luajit-2.1 -isystem deps/glad/include  -Wall -Wextra -Wno-error -Werror=unused-result -Wno-unused-parameter -Wno-absolute-value -Wno-unknown-pragmas -Wno-format-truncation -Wno-sign-compare -MMD -MP -c src/front_input.c -o obj/front_input.o
mkdir -p obj/
cc -g -DDEBUG -DBFDEBUG_LEVEL=0 -O3 -march=x86-64 -Isrc -Ideps/centijson/include -Ideps/centitoml -Ideps/astronomy/include -Ideps/enet6/include -Ideps/libcurl/include -I/usr/include/luajit-2.1 -isystem deps/glad/include  -Wall -Wextra -Wno-error -Werror=unused-result -Wno-unused-parameter -Wno-absolute-value -Wno-unknown-pragmas -Wno-format-truncation -Wno-sign-compare -MMD -MP -c src/front_landview.c -o obj/front_landview.o
mkdir -p obj/
cc -g -DDEBUG -DBFDEBUG_LEVEL=0 -O3 -march=x86-64 -Isrc -Ideps/centijson/include -Ideps/centitoml -Ideps/astronomy/include -Ideps/enet6/include -Ideps/libcurl/include -I/usr/include/luajit-2.1 -isystem deps/glad/include  -Wall -Wextra -Wno-error -Werror=unused-result -Wno-unused-parameter -Wno-absolute-value -Wno-unknown-pragmas -Wno-format-truncation -Wno-sign-compare -MMD -MP -c src/front_landview_multiplayer.c -o obj/front_landview_multiplayer.o
mkdir -p obj/
cc -g -DDEBUG -DBFDEBUG_LEVEL=0 -O3 -march=x86-64 -Isrc -Ideps/centijson/include -Ideps/centitoml -Ideps/astronomy/include -Ideps/enet6/include -Ideps/libcurl/include -I/usr/include/luajit-2.1 -isystem deps/glad/include  -Wall -Wextra -Wno-error -Werror=unused-result -Wno-unused-parameter -Wno-absolute-value -Wno-unknown-pragmas -Wno-format-truncation -Wno-sign-compare -MMD -MP -c src/front_lvlstats.c -o obj/front_lvlstats.o
mkdir -p obj/
cc -g -DDEBUG -DBFDEBUG_LEVEL=0 -O3 -march=x86-64 -Isrc -Ideps/centijson/include -Ideps/centitoml -Ideps/astronomy/include -Ideps/enet6/include -Ideps/libcurl/include -I/usr/include/luajit-2.1 -isystem deps/glad/include  -Wall -Wextra -Wno-error -Werror=unused-result -Wno-unused-parameter -Wno-absolute-value -Wno-unknown-pragmas -Wno-format-truncation -Wno-sign-compare -MMD -MP -c src/front_network.c -o obj/front_network.o
mkdir -p obj/
cc -g -DDEBUG -DBFDEBUG_LEVEL=0 -O3 -march=x86-64 -Isrc -Ideps/centijson/include -Ideps/centitoml -Ideps/astronomy/include -Ideps/enet6/include -Ideps/libcurl/include -I/usr/include/luajit-2.1 -isystem deps/glad/include  -Wall -Wextra -Wno-error -Werror=unused-result -Wno-unused-parameter -Wno-absolute-value -Wno-unknown-pragmas -Wno-format-truncation -Wno-sign-compare -MMD -MP -c src/front_simple.c -o obj/front_simple.o
mkdir -p obj/
cc -g -DDEBUG -DBFDEBUG_LEVEL=0 -O3 -march=x86-64 -Isrc -Ideps/centijson/include -Ideps/centitoml -Ideps/astronomy/include -Ideps/enet6/include -Ideps/libcurl/include -I/usr/include/luajit-2.1 -isystem deps/glad/include  -Wall -Wextra -Wno-error -Werror=unused-result -Wno-unused-parameter -Wno-absolute-value -Wno-unknown-pragmas -Wno-format-truncation -Wno-sign-compare -MMD -MP -c src/front_torture.c -o obj/front_torture.o
mkdir -p obj/
cc -g -DDEBUG -DBFDEBUG_LEVEL=0 -O3 -march=x86-64 -Isrc -Ideps/centijson/include -Ideps/centitoml -Ideps/astronomy/include -Ideps/enet6/include -Ideps/libcurl/include -I/usr/include/luajit-2.1 -isystem deps/glad/include  -Wall -Wextra -Wno-error -Werror=unused-result -Wno-unused-parameter -Wno-absolute-value -Wno-unknown-pragmas -Wno-format-truncation -Wno-sign-compare -MMD -MP -c src/frontmenu_select.c -o obj/frontmenu_select.o
mkdir -p obj/
cc -g -DDEBUG -DBFDEBUG_LEVEL=0 -O3 -march=x86-64 -Isrc -Ideps/centijson/include -Ideps/centitoml -Ideps/astronomy/include -Ideps/enet6/include -Ideps/libcurl/include -I/usr/include/luajit-2.1 -isystem deps/glad/include  -Wall -Wextra -Wno-error -Werror=unused-result -Wno-unused-parameter -Wno-absolute-value -Wno-unknown-pragmas -Wno-format-truncation -Wno-sign-compare -MMD -MP -c src/frontmenu_ingame_evnt.c -o obj/frontmenu_ingame_evnt.o
mkdir -p obj/
cc -g -DDEBUG -DBFDEBUG_LEVEL=0 -O3 -march=x86-64 -Isrc -Ideps/centijson/include -Ideps/centitoml -Ideps/astronomy/include -Ideps/enet6/include -Ideps/libcurl/include -I/usr/include/luajit-2.1 -isystem deps/glad/include  -Wall -Wextra -Wno-error -Werror=unused-result -Wno-unused-parameter -Wno-absolute-value -Wno-unknown-pragmas -Wno-format-truncation -Wno-sign-compare -MMD -MP -c src/frontmenu_ingame_map.c -o obj/frontmenu_ingame_map.o
mkdir -p obj/
cc -g -DDEBUG -DBFDEBUG_LEVEL=0 -O3 -march=x86-64 -Isrc -Ideps/centijson/include -Ideps/centitoml -Ideps/astronomy/include -Ideps/enet6/include -Ideps/libcurl/include -I/usr/include/luajit-2.1 -isystem deps/glad/include  -Wall -Wextra -Wno-error -Werror=unused-result -Wno-unused-parameter -Wno-absolute-value -Wno-unknown-pragmas -Wno-format-truncation -Wno-sign-compare -MMD -MP -c src/frontmenu_ingame_opts.c -o obj/frontmenu_ingame_opts.o
mkdir -p obj/
cc -g -DDEBUG -DBFDEBUG_LEVEL=0 -O3 -march=x86-64 -Isrc -Ideps/centijson/include -Ideps/centitoml -Ideps/astronomy/include -Ideps/enet6/include -Ideps/libcurl/include -I/usr/include/luajit-2.1 -isystem deps/glad/include  -Wall -Wextra -Wno-error -Werror=unused-result -Wno-unused-parameter -Wno-absolute-value -Wno-unknown-pragmas -Wno-format-truncation -Wno-sign-compare -MMD -MP -c src/frontmenu_ingame_tabs.c -o obj/frontmenu_ingame_tabs.o
mkdir -p obj/
cc -g -DDEBUG -DBFDEBUG_LEVEL=0 -O3 -march=x86-64 -Isrc -Ideps/centijson/include -Ideps/centitoml -Ideps/astronomy/include -Ideps/enet6/include -Ideps/libcurl/include -I/usr/include/luajit-2.1 -isystem deps/glad/include  -Wall -Wextra -Wno-error -Werror=unused-result -Wno-unused-parameter -Wno-absolute-value -Wno-unknown-pragmas -Wno-format-truncation -Wno-sign-compare -MMD -MP -c src/frontmenu_net.c -o obj/frontmenu_net.o
mkdir -p obj/
cc -g -DDEBUG -DBFDEBUG_LEVEL=0 -O3 -march=x86-64 -Isrc -Ideps/centijson/include -Ideps/centitoml -Ideps/astronomy/include -Ideps/enet6/include -Ideps/libcurl/include -I/usr/include/luajit-2.1 -isystem deps/glad/include  -Wall -Wextra -Wno-error -Werror=unused-result -Wno-unused-parameter -Wno-absolute-value -Wno-unknown-pragmas -Wno-format-truncation -Wno-sign-compare -MMD -MP -c src/frontmenu_options.c -o obj/frontmenu_options.o
mkdir -p obj/
cc -g -DDEBUG -DBFDEBUG_LEVEL=0 -O3 -march=x86-64 -Isrc -Ideps/centijson/include -Ideps/centitoml -Ideps/astronomy/include -Ideps/enet6/include -Ideps/libcurl/include -I/usr/include/luajit-2.1 -isystem deps/glad/include  -Wall -Wextra -Wno-error -Werror=unused-result -Wno-unused-parameter -Wno-absolute-value -Wno-unknown-pragmas -Wno-format-truncation -Wno-sign-compare -MMD -MP -c src/frontmenu_saves.c -o obj/frontmenu_saves.o
mkdir -p obj/
cc -g -DDEBUG -DBFDEBUG_LEVEL=0 -O3 -march=x86-64 -Isrc -Ideps/centijson/include -Ideps/centitoml -Ideps/astronomy/include -Ideps/enet6/include -Ideps/libcurl/include -I/usr/include/luajit-2.1 -isystem deps/glad/include  -Wall -Wextra -Wno-error -Werror=unused-result -Wno-unused-parameter -Wno-absolute-value -Wno-unknown-pragmas -Wno-format-truncation -Wno-sign-compare -MMD -MP -c src/frontmenu_specials.c -o obj/frontmenu_specials.o
mkdir -p obj/
cc -g -DDEBUG -DBFDEBUG_LEVEL=0 -O3 -march=x86-64 -Isrc -Ideps/centijson/include -Ideps/centitoml -Ideps/astronomy/include -Ideps/enet6/include -Ideps/libcurl/include -I/usr/include/luajit-2.1 -isystem deps/glad/include  -Wall -Wextra -Wno-error -Werror=unused-result -Wno-unused-parameter -Wno-absolute-value -Wno-unknown-pragmas -Wno-format-truncation -Wno-sign-compare -MMD -MP -c src/game_heap.c -o obj/game_heap.o
mkdir -p obj/
cc -g -DDEBUG -DBFDEBUG_LEVEL=0 -O3 -march=x86-64 -Isrc -Ideps/centijson/include -Ideps/centitoml -Ideps/astronomy/include -Ideps/enet6/include -Ideps/libcurl/include -I/usr/include/luajit-2.1 -isystem deps/glad/include  -Wall -Wextra -Wno-error -Werror=unused-result -Wno-unused-parameter -Wno-absolute-value -Wno-unknown-pragmas -Wno-format-truncation -Wno-sign-compare -MMD -MP -c src/game_legacy.c -o obj/game_legacy.o
mkdir -p obj/
cc -g -DDEBUG -DBFDEBUG_LEVEL=0 -O3 -march=x86-64 -Isrc -Ideps/centijson/include -Ideps/centitoml -Ideps/astronomy/include -Ideps/enet6/include -Ideps/libcurl/include -I/usr/include/luajit-2.1 -isystem deps/glad/include  -Wall -Wextra -Wno-error -Werror=unused-result -Wno-unused-parameter -Wno-absolute-value -Wno-unknown-pragmas -Wno-format-truncation -Wno-sign-compare -MMD -MP -c src/game_loop.c -o obj/game_loop.o
mkdir -p obj/
cc -g -DDEBUG -DBFDEBUG_LEVEL=0 -O3 -march=x86-64 -Isrc -Ideps/centijson/include -Ideps/centitoml -Ideps/astronomy/include -Ideps/enet6/include -Ideps/libcurl/include -I/usr/include/luajit-2.1 -isystem deps/glad/include  -Wall -Wextra -Wno-error -Werror=unused-result -Wno-unused-parameter -Wno-absolute-value -Wno-unknown-pragmas -Wno-format-truncation -Wno-sign-compare -MMD -MP -c src/game_lghtshdw.c -o obj/game_lghtshdw.o
mkdir -p obj/
cc -g -DDEBUG -DBFDEBUG_LEVEL=0 -O3 -march=x86-64 -Isrc -Ideps/centijson/include -Ideps/centitoml -Ideps/astronomy/include -Ideps/enet6/include -Ideps/libcurl/include -I/usr/include/luajit-2.1 -isystem deps/glad/include  -Wall -Wextra -Wno-error -Werror=unused-result -Wno-unused-parameter -Wno-absolute-value -Wno-unknown-pragmas -Wno-format-truncation -Wno-sign-compare -MMD -MP -c src/game_merge.c -o obj/game_merge.o
mkdir -p obj/
cc -g -DDEBUG -DBFDEBUG_LEVEL=0 -O3 -march=x86-64 -Isrc -Ideps/centijson/include -Ideps/centitoml -Ideps/astronomy/include -Ideps/enet6/include -Ideps/libcurl/include -I/usr/include/luajit-2.1 -isystem deps/glad/include  -Wall -Wextra -Wno-error -Werror=unused-result -Wno-unused-parameter -Wno-absolute-value -Wno-unknown-pragmas -Wno-format-truncation -Wno-sign-compare -MMD -MP -c src/game_saves.c -o obj/game_saves.o
mkdir -p obj/
cc -g -DDEBUG -DBFDEBUG_LEVEL=0 -O3 -march=x86-64 -Isrc -Ideps/centijson/include -Ideps/centitoml -Ideps/astronomy/include -Ideps/enet6/include -Ideps/libcurl/include -I/usr/include/luajit-2.1 -isystem deps/glad/include  -Wall -Wextra -Wno-error -Werror=unused-result -Wno-unused-parameter -Wno-absolute-value -Wno-unknown-pragmas -Wno-format-truncation -Wno-sign-compare -MMD -MP -c src/gui_boxmenu.c -o obj/gui_boxmenu.o
mkdir -p obj/
cc -g -DDEBUG -DBFDEBUG_LEVEL=0 -O3 -march=x86-64 -Isrc -Ideps/centijson/include -Ideps/centitoml -Ideps/astronomy/include -Ideps/enet6/include -Ideps/libcurl/include -I/usr/include/luajit-2.1 -isystem deps/glad/include  -Wall -Wextra -Wno-error -Werror=unused-result -Wno-unused-parameter -Wno-absolute-value -Wno-unknown-pragmas -Wno-format-truncation -Wno-sign-compare -MMD -MP -c src/gui_draw.c -o obj/gui_draw.o
mkdir -p obj/
cc -g -DDEBUG -DBFDEBUG_LEVEL=0 -O3 -march=x86-64 -Isrc -Ideps/centijson/include -Ideps/centitoml -Ideps/astronomy/include -Ideps/enet6/include -Ideps/libcurl/include -I/usr/include/luajit-2.1 -isystem deps/glad/include  -Wall -Wextra -Wno-error -Werror=unused-result -Wno-unused-parameter -Wno-absolute-value -Wno-unknown-pragmas -Wno-format-truncation -Wno-sign-compare -MMD -MP -c src/gui_frontbtns.c -o obj/gui_frontbtns.o
mkdir -p obj/
cc -g -DDEBUG -DBFDEBUG_LEVEL=0 -O3 -march=x86-64 -Isrc -Ideps/centijson/include -Ideps/centitoml -Ideps/astronomy/include -Ideps/enet6/include -Ideps/libcurl/include -I/usr/include/luajit-2.1 -isystem deps/glad/include  -Wall -Wextra -Wno-error -Werror=unused-result -Wno-unused-parameter -Wno-absolute-value -Wno-unknown-pragmas -Wno-format-truncation -Wno-sign-compare -MMD -MP -c src/gui_frontmenu.c -o obj/gui_frontmenu.o
mkdir -p obj/
cc -g -DDEBUG -DBFDEBUG_LEVEL=0 -O3 -march=x86-64 -Isrc -Ideps/centijson/include -Ideps/centitoml -Ideps/astronomy/include -Ideps/enet6/include -Ideps/libcurl/include -I/usr/include/luajit-2.1 -isystem deps/glad/include  -Wall -Wextra -Wno-error -Werror=unused-result -Wno-unused-parameter -Wno-absolute-value -Wno-unknown-pragmas -Wno-format-truncation -Wno-sign-compare -MMD -MP -c src/gui_msgs.c -o obj/gui_msgs.o
mkdir -p obj/
cc -g -DDEBUG -DBFDEBUG_LEVEL=0 -O3 -march=x86-64 -Isrc -Ideps/centijson/include -Ideps/centitoml -Ideps/astronomy/include -Ideps/enet6/include -Ideps/libcurl/include -I/usr/include/luajit-2.1 -isystem deps/glad/include  -Wall -Wextra -Wno-error -Werror=unused-result -Wno-unused-parameter -Wno-absolute-value -Wno-unknown-pragmas -Wno-format-truncation -Wno-sign-compare -MMD -MP -c src/gui_parchment.c -o obj/gui_parchment.o
mkdir -p obj/
cc -g -DDEBUG -DBFDEBUG_LEVEL=0 -O3 -march=x86-64 -Isrc -Ideps/centijson/include -Ideps/centitoml -Ideps/astronomy/include -Ideps/enet6/include -Ideps/libcurl/include -I/usr/include/luajit-2.1 -isystem deps/glad/include  -Wall -Wextra -Wno-error -Werror=unused-result -Wno-unused-parameter -Wno-absolute-value -Wno-unknown-pragmas -Wno-format-truncation -Wno-sign-compare -MMD -MP -c src/gui_tooltips.c -o obj/gui_tooltips.o
mkdir -p obj/
cc -g -DDEBUG -DBFDEBUG_LEVEL=0 -O3 -march=x86-64 -Isrc -Ideps/centijson/include -Ideps/centitoml -Ideps/astronomy/include -Ideps/enet6/include -Ideps/libcurl/include -I/usr/include/luajit-2.1 -isystem deps/glad/include  -Wall -Wextra -Wno-error -Werror=unused-result -Wno-unused-parameter -Wno-absolute-value -Wno-unknown-pragmas -Wno-format-truncation -Wno-sign-compare -MMD -MP -c src/gui_topmsg.c -o obj/gui_topmsg.o
mkdir -p obj/
cc -g -DDEBUG -DBFDEBUG_LEVEL=0 -O3 -march=x86-64 -Isrc -Ideps/centijson/include -Ideps/centitoml -Ideps/astronomy/include -Ideps/enet6/include -Ideps/libcurl/include -I/usr/include/luajit-2.1 -isystem deps/glad/include  -Wall -Wextra -Wno-error -Werror=unused-result -Wno-unused-parameter -Wno-absolute-value -Wno-unknown-pragmas -Wno-format-truncation -Wno-sign-compare -MMD -MP -c src/gui_vscroll.c -o obj/gui_vscroll.o
mkdir -p obj/
cc -g -DDEBUG -DBFDEBUG_LEVEL=0 -O3 -march=x86-64 -Isrc -Ideps/centijson/include -Ideps/centitoml -Ideps/astronomy/include -Ideps/enet6/include -Ideps/libcurl/include -I/usr/include/luajit-2.1 -isystem deps/glad/include  -Wall -Wextra -Wno-error -Werror=unused-result -Wno-unused-parameter -Wno-absolute-value -Wno-unknown-pragmas -Wno-format-truncation -Wno-sign-compare -MMD -MP -c src/highscores.c -o obj/highscores.o
mkdir -p obj/
cc -g -DDEBUG -DBFDEBUG_LEVEL=0 -O3 -march=x86-64 -Isrc -Ideps/centijson/include -Ideps/centitoml -Ideps/astronomy/include -Ideps/enet6/include -Ideps/libcurl/include -I/usr/include/luajit-2.1 -isystem deps/glad/include  -Wall -Wextra -Wno-error -Werror=unused-result -Wno-unused-parameter -Wno-absolute-value -Wno-unknown-pragmas -Wno-format-truncation -Wno-sign-compare -MMD -MP -c src/kjm_input.c -o obj/kjm_input.o
mkdir -p obj/
cc -g -DDEBUG -DBFDEBUG_LEVEL=0 -O3 -march=x86-64 -Isrc -Ideps/centijson/include -Ideps/centitoml -Ideps/astronomy/include -Ideps/enet6/include -Ideps/libcurl/include -I/usr/include/luajit-2.1 -isystem deps/glad/include  -Wall -Wextra -Wno-error -Werror=unused-result -Wno-unused-parameter -Wno-absolute-value -Wno-unknown-pragmas -Wno-format-truncation -Wno-sign-compare -MMD -MP -c src/lens_api.c -o obj/lens_api.o
mkdir -p obj/
cc -g -DDEBUG -DBFDEBUG_LEVEL=0 -O3 -march=x86-64 -Isrc -Ideps/centijson/include -Ideps/centitoml -Ideps/astronomy/include -Ideps/enet6/include -Ideps/libcurl/include -I/usr/include/luajit-2.1 -isystem deps/glad/include  -Wall -Wextra -Wno-error -Werror=unused-result -Wno-unused-parameter -Wno-absolute-value -Wno-unknown-pragmas -Wno-format-truncation -Wno-sign-compare -MMD -MP -c src/config_effects.c -o obj/config_effects.o
mkdir -p obj/
cc -g -DDEBUG -DBFDEBUG_LEVEL=0 -O3 -march=x86-64 -Isrc -Ideps/centijson/include -Ideps/centitoml -Ideps/astronomy/include -Ideps/enet6/include -Ideps/libcurl/include -I/usr/include/luajit-2.1 -isystem deps/glad/include  -Wall -Wextra -Wno-error -Werror=unused-result -Wno-unused-parameter -Wno-absolute-value -Wno-unknown-pragmas -Wno-format-truncation -Wno-sign-compare -MMD -MP -c src/kfx_memory.c -o obj/kfx_memory.o
mkdir -p obj/
cc -g -DDEBUG -DBFDEBUG_LEVEL=0 -O3 -march=x86-64 -Isrc -Ideps/centijson/include -Ideps/centitoml -Ideps/astronomy/include -Ideps/enet6/include -Ideps/libcurl/include -I/usr/include/luajit-2.1 -isystem deps/glad/include  -Wall -Wextra -Wno-error -Werror=unused-result -Wno-unused-parameter -Wno-absolute-value -Wno-unknown-pragmas -Wno-format-truncation -Wno-sign-compare -MMD -MP -c src/light_data.c -o obj/light_data.o
mkdir -p obj/
cc -g -DDEBUG -DBFDEBUG_LEVEL=0 -O3 -march=x86-64 -Isrc -Ideps/centijson/include -Ideps/centitoml -Ideps/astronomy/include -Ideps/enet6/include -Ideps/libcurl/include -I/usr/include/luajit-2.1 -isystem deps/glad/include  -Wall -Wextra -Wno-error -Werror=unused-result -Wno-unused-parameter -Wno-absolute-value -Wno-unknown-pragmas -Wno-format-truncation -Wno-sign-compare -MMD -MP -c src/lua_api.c -o obj/lua_api.o
mkdir -p obj/
cc -g -DDEBUG -DBFDEBUG_LEVEL=0 -O3 -march=x86-64 -Isrc -Ideps/centijson/include -Ideps/centitoml -Ideps/astronomy/include -Ideps/enet6/include -Ideps/libcurl/include -I/usr/include/luajit-2.1 -isystem deps/glad/include  -Wall -Wextra -Wno-error -Werror=unused-result -Wno-unused-parameter -Wno-absolute-value -Wno-unknown-pragmas -Wno-format-truncation -Wno-sign-compare -MMD -MP -c src/lua_api_lens.c -o obj/lua_api_lens.o
mkdir -p obj/
cc -g -DDEBUG -DBFDEBUG_LEVEL=0 -O3 -march=x86-64 -Isrc -Ideps/centijson/include -Ideps/centitoml -Ideps/astronomy/include -Ideps/enet6/include -Ideps/libcurl/include -I/usr/include/luajit-2.1 -isystem deps/glad/include  -Wall -Wextra -Wno-error -Werror=unused-result -Wno-unused-parameter -Wno-absolute-value -Wno-unknown-pragmas -Wno-format-truncation -Wno-sign-compare -MMD -MP -c src/lua_api_map.c -o obj/lua_api_map.o
mkdir -p obj/
cc -g -DDEBUG -DBFDEBUG_LEVEL=0 -O3 -march=x86-64 -Isrc -Ideps/centijson/include -Ideps/centitoml -Ideps/astronomy/include -Ideps/enet6/include -Ideps/libcurl/include -I/usr/include/luajit-2.1 -isystem deps/glad/include  -Wall -Wextra -Wno-error -Werror=unused-result -Wno-unused-parameter -Wno-absolute-value -Wno-unknown-pragmas -Wno-format-truncation -Wno-sign-compare -MMD -MP -c src/lua_api_player.c -o obj/lua_api_player.o
mkdir -p obj/
cc -g -DDEBUG -DBFDEBUG_LEVEL=0 -O3 -march=x86-64 -Isrc -Ideps/centijson/include -Ideps/centitoml -Ideps/astronomy/include -Ideps/enet6/include -Ideps/libcurl/include -I/usr/include/luajit-2.1 -isystem deps/glad/include  -Wall -Wextra -Wno-error -Werror=unused-result -Wno-unused-parameter -Wno-absolute-value -Wno-unknown-pragmas -Wno-format-truncation -Wno-sign-compare -MMD -MP -c src/lua_api_room.c -o obj/lua_api_room.o
mkdir -p obj/
cc -g -DDEBUG -DBFDEBUG_LEVEL=0 -O3 -march=x86-64 -Isrc -Ideps/centijson/include -Ideps/centitoml -Ideps/astronomy/include -Ideps/enet6/include -Ideps/libcurl/include -I/usr/include/luajit-2.1 -isystem deps/glad/include  -Wall -Wextra -Wno-error -Werror=unused-result -Wno-unused-parameter -Wno-absolute-value -Wno-unknown-pragmas -Wno-format-truncation -Wno-sign-compare -MMD -MP -c src/lua_api_things.c -o obj/lua_api_things.o
mkdir -p obj/
cc -g -DDEBUG -DBFDEBUG_LEVEL=0 -O3 -march=x86-64 -Isrc -Ideps/centijson/include -Ideps/centitoml -Ideps/astronomy/include -Ideps/enet6/include -Ideps/libcurl/include -I/usr/include/luajit-2.1 -isystem deps/glad/include  -Wall -Wextra -Wno-error -Werror=unused-result -Wno-unused-parameter -Wno-absolute-value -Wno-unknown-pragmas -Wno-format-truncation -Wno-sign-compare -MMD -MP -c src/lua_api_slabs.c -o obj/lua_api_slabs.o
mkdir -p obj/
cc -g -DDEBUG -DBFDEBUG_LEVEL=0 -O3 -march=x86-64 -Isrc -Ideps/centijson/include -Ideps/centitoml -Ideps/astronomy/include -Ideps/enet6/include -Ideps/libcurl/include -I/usr/include/luajit-2.1 -isystem deps/glad/include  -Wall -Wextra -Wno-error -Werror=unused-result -Wno-unused-parameter -Wno-absolute-value -Wno-unknown-pragmas -Wno-format-truncation -Wno-sign-compare -MMD -MP -c src/lua_api_sound.c -o obj/lua_api_sound.o
mkdir -p obj/
cc -g -DDEBUG -DBFDEBUG_LEVEL=0 -O3 -march=x86-64 -Isrc -Ideps/centijson/include -Ideps/centitoml -Ideps/astronomy/include -Ideps/enet6/include -Ideps/libcurl/include -I/usr/include/luajit-2.1 -isystem deps/glad/include  -Wall -Wextra -Wno-error -Werror=unused-result -Wno-unused-parameter -Wno-absolute-value -Wno-unknown-pragmas -Wno-format-truncation -Wno-sign-compare -MMD -MP -c src/lua_base.c -o obj/lua_base.o
mkdir -p obj/
cc -g -DDEBUG -DBFDEBUG_LEVEL=0 -O3 -march=x86-64 -Isrc -Ideps/centijson/include -Ideps/centitoml -Ideps/astronomy/include -Ideps/enet6/include -Ideps/libcurl/include -I/usr/include/luajit-2.1 -isystem deps/glad/include  -Wall -Wextra -Wno-error -Werror=unused-result -Wno-unused-parameter -Wno-absolute-value -Wno-unknown-pragmas -Wno-format-truncation -Wno-sign-compare -MMD -MP -c src/lua_api_camera.c -o obj/lua_api_camera.o
mkdir -p obj/
cc -g -DDEBUG -DBFDEBUG_LEVEL=0 -O3 -march=x86-64 -Isrc -Ideps/centijson/include -Ideps/centitoml -Ideps/astronomy/include -Ideps/enet6/include -Ideps/libcurl/include -I/usr/include/luajit-2.1 -isystem deps/glad/include  -Wall -Wextra -Wno-error -Werror=unused-result -Wno-unused-parameter -Wno-absolute-value -Wno-unknown-pragmas -Wno-format-truncation -Wno-sign-compare -MMD -MP -c src/lua_cfg_funcs.c -o obj/lua_cfg_funcs.o
mkdir -p obj/
cc -g -DDEBUG -DBFDEBUG_LEVEL=0 -O3 -march=x86-64 -Isrc -Ideps/centijson/include -Ideps/centitoml -Ideps/astronomy/include -Ideps/enet6/include -Ideps/libcurl/include -I/usr/include/luajit-2.1 -isystem deps/glad/include  -Wall -Wextra -Wno-error -Werror=unused-result -Wno-unused-parameter -Wno-absolute-value -Wno-unknown-pragmas -Wno-format-truncation -Wno-sign-compare -MMD -MP -c src/lua_params.c -o obj/lua_params.o
mkdir -p obj/
cc -g -DDEBUG -DBFDEBUG_LEVEL=0 -O3 -march=x86-64 -Isrc -Ideps/centijson/include -Ideps/centitoml -Ideps/astronomy/include -Ideps/enet6/include -Ideps/libcurl/include -I/usr/include/luajit-2.1 -isystem deps/glad/include  -Wall -Wextra -Wno-error -Werror=unused-result -Wno-unused-parameter -Wno-absolute-value -Wno-unknown-pragmas -Wno-format-truncation -Wno-sign-compare -MMD -MP -c src/lua_triggers.c -o obj/lua_triggers.o
mkdir -p obj/
cc -g -DDEBUG -DBFDEBUG_LEVEL=0 -O3 -march=x86-64 -Isrc -Ideps/centijson/include -Ideps/centitoml -Ideps/astronomy/include -Ideps/enet6/include -Ideps/libcurl/include -I/usr/include/luajit-2.1 -isystem deps/glad/include  -Wall -Wextra -Wno-error -Werror=unused-result -Wno-unused-parameter -Wno-absolute-value -Wno-unknown-pragmas -Wno-format-truncation -Wno-sign-compare -MMD -MP -c src/lua_utils.c -o obj/lua_utils.o
mkdir -p obj/
cc -g -DDEBUG -DBFDEBUG_LEVEL=0 -O3 -march=x86-64 -Isrc -Ideps/centijson/include -Ideps/centitoml -Ideps/astronomy/include -Ideps/enet6/include -Ideps/libcurl/include -I/usr/include/luajit-2.1 -isystem deps/glad/include  -Wall -Wextra -Wno-error -Werror=unused-result -Wno-unused-parameter -Wno-absolute-value -Wno-unknown-pragmas -Wno-format-truncation -Wno-sign-compare -MMD -MP -c src/lvl_filesdk1.c -o obj/lvl_filesdk1.o
mkdir -p obj/
cc -g -DDEBUG -DBFDEBUG_LEVEL=0 -O3 -march=x86-64 -Isrc -Ideps/centijson/include -Ideps/centitoml -Ideps/astronomy/include -Ideps/enet6/include -Ideps/libcurl/include -I/usr/include/luajit-2.1 -isystem deps/glad/include  -Wall -Wextra -Wno-error -Werror=unused-result -Wno-unused-parameter -Wno-absolute-value -Wno-unknown-pragmas -Wno-format-truncation -Wno-sign-compare -MMD -MP -c src/lvl_script.c -o obj/lvl_script.o
mkdir -p obj/
cc -g -DDEBUG -DBFDEBUG_LEVEL=0 -O3 -march=x86-64 -Isrc -Ideps/centijson/include -Ideps/centitoml -Ideps/astronomy/include -Ideps/enet6/include -Ideps/libcurl/include -I/usr/include/luajit-2.1 -isystem deps/glad/include  -Wall -Wextra -Wno-error -Werror=unused-result -Wno-unused-parameter -Wno-absolute-value -Wno-unknown-pragmas -Wno-format-truncation -Wno-sign-compare -MMD -MP -c src/lvl_script_commands.c -o obj/lvl_script_commands.o
mkdir -p obj/
cc -g -DDEBUG -DBFDEBUG_LEVEL=0 -O3 -march=x86-64 -Isrc -Ideps/centijson/include -Ideps/centitoml -Ideps/astronomy/include -Ideps/enet6/include -Ideps/libcurl/include -I/usr/include/luajit-2.1 -isystem deps/glad/include  -Wall -Wextra -Wno-error -Werror=unused-result -Wno-unused-parameter -Wno-absolute-value -Wno-unknown-pragmas -Wno-format-truncation -Wno-sign-compare -MMD -MP -c src/lvl_script_commands_old.c -o obj/lvl_script_commands_old.o
mkdir -p obj/
cc -g -DDEBUG -DBFDEBUG_LEVEL=0 -O3 -march=x86-64 -Isrc -Ideps/centijson/include -Ideps/centitoml -Ideps/astronomy/include -Ideps/enet6/include -Ideps/libcurl/include -I/usr/include/luajit-2.1 -isystem deps/glad/include  -Wall -Wextra -Wno-error -Werror=unused-result -Wno-unused-parameter -Wno-absolute-value -Wno-unknown-pragmas -Wno-format-truncation -Wno-sign-compare -MMD -MP -c src/lvl_script_lib.c -o obj/lvl_script_lib.o
mkdir -p obj/
cc -g -DDEBUG -DBFDEBUG_LEVEL=0 -O3 -march=x86-64 -Isrc -Ideps/centijson/include -Ideps/centitoml -Ideps/astronomy/include -Ideps/enet6/include -Ideps/libcurl/include -I/usr/include/luajit-2.1 -isystem deps/glad/include  -Wall -Wextra -Wno-error -Werror=unused-result -Wno-unused-parameter -Wno-absolute-value -Wno-unknown-pragmas -Wno-format-truncation -Wno-sign-compare -MMD -MP -c src/lvl_script_conditions.c -o obj/lvl_script_conditions.o
mkdir -p obj/
cc -g -DDEBUG -DBFDEBUG_LEVEL=0 -O3 -march=x86-64 -Isrc -Ideps/centijson/include -Ideps/centitoml -Ideps/astronomy/include -Ideps/enet6/include -Ideps/libcurl/include -I/usr/include/luajit-2.1 -isystem deps/glad/include  -Wall -Wextra -Wno-error -Werror=unused-result -Wno-unused-parameter -Wno-absolute-value -Wno-unknown-pragmas -Wno-format-truncation -Wno-sign-compare -MMD -MP -c src/lvl_script_value.c -o obj/lvl_script_value.o
mkdir -p obj/
cc -g -DDEBUG -DBFDEBUG_LEVEL=0 -O3 -march=x86-64 -Isrc -Ideps/centijson/include -Ideps/centitoml -Ideps/astronomy/include -Ideps/enet6/include -Ideps/libcurl/include -I/usr/include/luajit-2.1 -isystem deps/glad/include  -Wall -Wextra -Wno-error -Werror=unused-result -Wno-unused-parameter -Wno-absolute-value -Wno-unknown-pragmas -Wno-format-truncation -Wno-sign-compare -MMD -MP -c src/magic_powers.c -o obj/magic_powers.o
mkdir -p obj/
cc -g -DDEBUG -DBFDEBUG_LEVEL=0 -O3 -march=x86-64 -Isrc -Ideps/centijson/include -Ideps/centitoml -Ideps/astronomy/include -Ideps/enet6/include -Ideps/libcurl/include -I/usr/include/luajit-2.1 -isystem deps/glad/include  -Wall -Wextra -Wno-error -Werror=unused-result -Wno-unused-parameter -Wno-absolute-value -Wno-unknown-pragmas -Wno-format-truncation -Wno-sign-compare -MMD -MP -c src/main_game.c -o obj/main_game.o
mkdir -p obj/
cc -g -DDEBUG -DBFDEBUG_LEVEL=0 -O3 -march=x86-64 -Isrc -Ideps/centijson/include -Ideps/centitoml -Ideps/astronomy/include -Ideps/enet6/include -Ideps/libcurl/include -I/usr/include/luajit-2.1 -isystem deps/glad/include  -Wall -Wextra -Wno-error -Werror=unused-result -Wno-unused-parameter -Wno-absolute-value -Wno-unknown-pragmas -Wno-format-truncation -Wno-sign-compare -MMD -MP -c src/map_blocks.c -o obj/map_blocks.o
mkdir -p obj/
cc -g -DDEBUG -DBFDEBUG_LEVEL=0 -O3 -march=x86-64 -Isrc -Ideps/centijson/include -Ideps/centitoml -Ideps/astronomy/include -Ideps/enet6/include -Ideps/libcurl/include -I/usr/include/luajit-2.1 -isystem deps/glad/include  -Wall -Wextra -Wno-error -Werror=unused-result -Wno-unused-parameter -Wno-absolute-value -Wno-unknown-pragmas -Wno-format-truncation -Wno-sign-compare -MMD -MP -c src/map_columns.c -o obj/map_columns.o
mkdir -p obj/
cc -g -DDEBUG -DBFDEBUG_LEVEL=0 -O3 -march=x86-64 -Isrc -Ideps/centijson/include -Ideps/centitoml -Ideps/astronomy/include -Ideps/enet6/include -Ideps/libcurl/include -I/usr/include/luajit-2.1 -isystem deps/glad/include  -Wall -Wextra -Wno-error -Werror=unused-result -Wno-unused-parameter -Wno-absolute-value -Wno-unknown-pragmas -Wno-format-truncation -Wno-sign-compare -MMD -MP -c src/map_ceiling.c -o obj/map_ceiling.o
mkdir -p obj/
cc -g -DDEBUG -DBFDEBUG_LEVEL=0 -O3 -march=x86-64 -Isrc -Ideps/centijson/include -Ideps/centitoml -Ideps/astronomy/include -Ideps/enet6/include -Ideps/libcurl/include -I/usr/include/luajit-2.1 -isystem deps/glad/include  -Wall -Wextra -Wno-error -Werror=unused-result -Wno-unused-parameter -Wno-absolute-value -Wno-unknown-pragmas -Wno-format-truncation -Wno-sign-compare -MMD -MP -c src/map_data.c -o obj/map_data.o
mkdir -p obj/
cc -g -DDEBUG -DBFDEBUG_LEVEL=0 -O3 -march=x86-64 -Isrc -Ideps/centijson/include -Ideps/centitoml -Ideps/astronomy/include -Ideps/enet6/include -Ideps/libcurl/include -I/usr/include/luajit-2.1 -isystem deps/glad/include  -Wall -Wextra -Wno-error -Werror=unused-result -Wno-unused-parameter -Wno-absolute-value -Wno-unknown-pragmas -Wno-format-truncation -Wno-sign-compare -MMD -MP -c src/map_events.c -o obj/map_events.o
mkdir -p obj/
cc -g -DDEBUG -DBFDEBUG_LEVEL=0 -O3 -march=x86-64 -Isrc -Ideps/centijson/include -Ideps/centitoml -Ideps/astronomy/include -Ideps/enet6/include -Ideps/libcurl/include -I/usr/include/luajit-2.1 -isystem deps/glad/include  -Wall -Wextra -Wno-error -Werror=unused-result -Wno-unused-parameter -Wno-absolute-value -Wno-unknown-pragmas -Wno-format-truncation -Wno-sign-compare -MMD -MP -c src/map_locations.c -o obj/map_locations.o
mkdir -p obj/
cc -g -DDEBUG -DBFDEBUG_LEVEL=0 -O3 -march=x86-64 -Isrc -Ideps/centijson/include -Ideps/centitoml -Ideps/astronomy/include -Ideps/enet6/include -Ideps/libcurl/include -I/usr/include/luajit-2.1 -isystem deps/glad/include  -Wall -Wextra -Wno-error -Werror=unused-result -Wno-unused-parameter -Wno-absolute-value -Wno-unknown-pragmas -Wno-format-truncation -Wno-sign-compare -MMD -MP -c src/map_utils.c -o obj/map_utils.o
mkdir -p obj/
cc -g -DDEBUG -DBFDEBUG_LEVEL=0 -O3 -march=x86-64 -Isrc -Ideps/centijson/include -Ideps/centitoml -Ideps/astronomy/include -Ideps/enet6/include -Ideps/libcurl/include -I/usr/include/luajit-2.1 -isystem deps/glad/include  -Wall -Wextra -Wno-error -Werror=unused-result -Wno-unused-parameter -Wno-absolute-value -Wno-unknown-pragmas -Wno-format-truncation -Wno-sign-compare -MMD -MP -c src/moonphase.c -o obj/moonphase.o
mkdir -p obj/
cc -g -DDEBUG -DBFDEBUG_LEVEL=0 -O3 -march=x86-64 -Isrc -Ideps/centijson/include -Ideps/centitoml -Ideps/astronomy/include -Ideps/enet6/include -Ideps/libcurl/include -I/usr/include/luajit-2.1 -isystem deps/glad/include  -Wall -Wextra -Wno-error -Werror=unused-result -Wno-unused-parameter -Wno-absolute-value -Wno-unknown-pragmas -Wno-format-truncation -Wno-sign-compare -MMD -MP -c src/net_checksums.c -o obj/net_checksums.o
mkdir -p obj/
cc -g -DDEBUG -DBFDEBUG_LEVEL=0 -O3 -march=x86-64 -Isrc -Ideps/centijson/include -Ideps/centitoml -Ideps/astronomy/include -Ideps/enet6/include -Ideps/libcurl/include -I/usr/include/luajit-2.1 -isystem deps/glad/include  -Wall -Wextra -Wno-error -Werror=unused-result -Wno-unused-parameter -Wno-absolute-value -Wno-unknown-pragmas -Wno-format-truncation -Wno-sign-compare -MMD -MP -c src/net_game.c -o obj/net_game.o
mkdir -p obj/
cc -g -DDEBUG -DBFDEBUG_LEVEL=0 -O3 -march=x86-64 -Isrc -Ideps/centijson/include -Ideps/centitoml -Ideps/astronomy/include -Ideps/enet6/include -Ideps/libcurl/include -I/usr/include/luajit-2.1 -isystem deps/glad/include  -Wall -Wextra -Wno-error -Werror=unused-result -Wno-unused-parameter -Wno-absolute-value -Wno-unknown-pragmas -Wno-format-truncation -Wno-sign-compare -MMD -MP -c src/net_holepunch.c -o obj/net_holepunch.o
mkdir -p obj/
cc -g -DDEBUG -DBFDEBUG_LEVEL=0 -O3 -march=x86-64 -Isrc -Ideps/centijson/include -Ideps/centitoml -Ideps/astronomy/include -Ideps/enet6/include -Ideps/libcurl/include -I/usr/include/luajit-2.1 -isystem deps/glad/include  -Wall -Wextra -Wno-error -Werror=unused-result -Wno-unused-parameter -Wno-absolute-value -Wno-unknown-pragmas -Wno-format-truncation -Wno-sign-compare -MMD -MP -c src/net_matchmaking.c -o obj/net_matchmaking.o
mkdir -p obj/
cc -g -DDEBUG -DBFDEBUG_LEVEL=0 -O3 -march=x86-64 -Isrc -Ideps/centijson/include -Ideps/centitoml -Ideps/astronomy/include -Ideps/enet6/include -Ideps/libcurl/include -I/usr/include/luajit-2.1 -isystem deps/glad/include  -Wall -Wextra -Wno-error -Werror=unused-result -Wno-unused-parameter -Wno-absolute-value -Wno-unknown-pragmas -Wno-format-truncation -Wno-sign-compare -MMD -MP -c src/net_lan.c -o obj/net_lan.o
mkdir -p obj/
cc -g -DDEBUG -DBFDEBUG_LEVEL=0 -O3 -march=x86-64 -Isrc -Ideps/centijson/include -Ideps/centitoml -Ideps/astronomy/include -Ideps/enet6/include -Ideps/libcurl/include -I/usr/include/luajit-2.1 -isystem deps/glad/include  -Wall -Wextra -Wno-error -Werror=unused-result -Wno-unused-parameter -Wno-absolute-value -Wno-unknown-pragmas -Wno-format-truncation -Wno-sign-compare -MMD -MP -c src/net_input_lag.c -o obj/net_input_lag.o
mkdir -p obj/
cc -g -DDEBUG -DBFDEBUG_LEVEL=0 -O3 -march=x86-64 -Isrc -Ideps/centijson/include -Ideps/centitoml -Ideps/astronomy/include -Ideps/enet6/include -Ideps/libcurl/include -I/usr/include/luajit-2.1 -isystem deps/glad/include  -Wall -Wextra -Wno-error -Werror=unused-result -Wno-unused-parameter -Wno-absolute-value -Wno-unknown-pragmas -Wno-format-truncation -Wno-sign-compare -MMD -MP -c src/packets.c -o obj/packets.o
mkdir -p obj/
cc -g -DDEBUG -DBFDEBUG_LEVEL=0 -O3 -march=x86-64 -Isrc -Ideps/centijson/include -Ideps/centitoml -Ideps/astronomy/include -Ideps/enet6/include -Ideps/libcurl/include -I/usr/include/luajit-2.1 -isystem deps/glad/include  -Wall -Wextra -Wno-error -Werror=unused-result -Wno-unused-parameter -Wno-absolute-value -Wno-unknown-pragmas -Wno-format-truncation -Wno-sign-compare -MMD -MP -c src/packets_cheats.c -o obj/packets_cheats.o
mkdir -p obj/
cc -g -DDEBUG -DBFDEBUG_LEVEL=0 -O3 -march=x86-64 -Isrc -Ideps/centijson/include -Ideps/centitoml -Ideps/astronomy/include -Ideps/enet6/include -Ideps/libcurl/include -I/usr/include/luajit-2.1 -isystem deps/glad/include  -Wall -Wextra -Wno-error -Werror=unused-result -Wno-unused-parameter -Wno-absolute-value -Wno-unknown-pragmas -Wno-format-truncation -Wno-sign-compare -MMD -MP -c src/packets_input.c -o obj/packets_input.o
mkdir -p obj/
cc -g -DDEBUG -DBFDEBUG_LEVEL=0 -O3 -march=x86-64 -Isrc -Ideps/centijson/include -Ideps/centitoml -Ideps/astronomy/include -Ideps/enet6/include -Ideps/libcurl/include -I/usr/include/luajit-2.1 -isystem deps/glad/include  -Wall -Wextra -Wno-error -Werror=unused-result -Wno-unused-parameter -Wno-absolute-value -Wno-unknown-pragmas -Wno-format-truncation -Wno-sign-compare -MMD -MP -c src/packets_misc.c -o obj/packets_misc.o
mkdir -p obj/
cc -g -DDEBUG -DBFDEBUG_LEVEL=0 -O3 -march=x86-64 -Isrc -Ideps/centijson/include -Ideps/centitoml -Ideps/astronomy/include -Ideps/enet6/include -Ideps/libcurl/include -I/usr/include/luajit-2.1 -isystem deps/glad/include  -Wall -Wextra -Wno-error -Werror=unused-result -Wno-unused-parameter -Wno-absolute-value -Wno-unknown-pragmas -Wno-format-truncation -Wno-sign-compare -MMD -MP -c src/player_compchecks.c -o obj/player_compchecks.o
mkdir -p obj/
cc -g -DDEBUG -DBFDEBUG_LEVEL=0 -O3 -march=x86-64 -Isrc -Ideps/centijson/include -Ideps/centitoml -Ideps/astronomy/include -Ideps/enet6/include -Ideps/libcurl/include -I/usr/include/luajit-2.1 -isystem deps/glad/include  -Wall -Wextra -Wno-error -Werror=unused-result -Wno-unused-parameter -Wno-absolute-value -Wno-unknown-pragmas -Wno-format-truncation -Wno-sign-compare -MMD -MP -c src/player_compevents.c -o obj/player_compevents.o
mkdir -p obj/
cc -g -DDEBUG -DBFDEBUG_LEVEL=0 -O3 -march=x86-64 -Isrc -Ideps/centijson/include -Ideps/centitoml -Ideps/astronomy/include -Ideps/enet6/include -Ideps/libcurl/include -I/usr/include/luajit-2.1 -isystem deps/glad/include  -Wall -Wextra -Wno-error -Werror=unused-result -Wno-unused-parameter -Wno-absolute-value -Wno-unknown-pragmas -Wno-format-truncation -Wno-sign-compare -MMD -MP -c src/player_complookup.c -o obj/player_complookup.o
mkdir -p obj/
cc -g -DDEBUG -DBFDEBUG_LEVEL=0 -O3 -march=x86-64 -Isrc -Ideps/centijson/include -Ideps/centitoml -Ideps/astronomy/include -Ideps/enet6/include -Ideps/libcurl/include -I/usr/include/luajit-2.1 -isystem deps/glad/include  -Wall -Wextra -Wno-error -Werror=unused-result -Wno-unused-parameter -Wno-absolute-value -Wno-unknown-pragmas -Wno-format-truncation -Wno-sign-compare -MMD -MP -c src/config_compp.c -o obj/config_compp.o
mkdir -p obj/
cc -g -DDEBUG -DBFDEBUG_LEVEL=0 -O3 -march=x86-64 -Isrc -Ideps/centijson/include -Ideps/centitoml -Ideps/astronomy/include -Ideps/enet6/include -Ideps/libcurl/include -I/usr/include/luajit-2.1 -isystem deps/glad/include  -Wall -Wextra -Wno-error -Werror=unused-result -Wno-unused-parameter -Wno-absolute-value -Wno-unknown-pragmas -Wno-format-truncation -Wno-sign-compare -MMD -MP -c src/player_compprocs.c -o obj/player_compprocs.o
mkdir -p obj/
cc -g -DDEBUG -DBFDEBUG_LEVEL=0 -O3 -march=x86-64 -Isrc -Ideps/centijson/include -Ideps/centitoml -Ideps/astronomy/include -Ideps/enet6/include -Ideps/libcurl/include -I/usr/include/luajit-2.1 -isystem deps/glad/include  -Wall -Wextra -Wno-error -Werror=unused-result -Wno-unused-parameter -Wno-absolute-value -Wno-unknown-pragmas -Wno-format-truncation -Wno-sign-compare -MMD -MP -c src/player_comptask.c -o obj/player_comptask.o
mkdir -p obj/
cc -g -DDEBUG -DBFDEBUG_LEVEL=0 -O3 -march=x86-64 -Isrc -Ideps/centijson/include -Ideps/centitoml -Ideps/astronomy/include -Ideps/enet6/include -Ideps/libcurl/include -I/usr/include/luajit-2.1 -isystem deps/glad/include  -Wall -Wextra -Wno-error -Werror=unused-result -Wno-unused-parameter -Wno-absolute-value -Wno-unknown-pragmas -Wno-format-truncation -Wno-sign-compare -MMD -MP -c src/player_computer.c -o obj/player_computer.o
mkdir -p obj/
cc -g -DDEBUG -DBFDEBUG_LEVEL=0 -O3 -march=x86-64 -Isrc -Ideps/centijson/include -Ideps/centitoml -Ideps/astronomy/include -Ideps/enet6/include -Ideps/libcurl/include -I/usr/include/luajit-2.1 -isystem deps/glad/include  -Wall -Wextra -Wno-error -Werror=unused-result -Wno-unused-parameter -Wno-absolute-value -Wno-unknown-pragmas -Wno-format-truncation -Wno-sign-compare -MMD -MP -c src/player_data.c -o obj/player_data.o
mkdir -p obj/
cc -g -DDEBUG -DBFDEBUG_LEVEL=0 -O3 -march=x86-64 -Isrc -Ideps/centijson/include -Ideps/centitoml -Ideps/astronomy/include -Ideps/enet6/include -Ideps/libcurl/include -I/usr/include/luajit-2.1 -isystem deps/glad/include  -Wall -Wextra -Wno-error -Werror=unused-result -Wno-unused-parameter -Wno-absolute-value -Wno-unknown-pragmas -Wno-format-truncation -Wno-sign-compare -MMD -MP -c src/player_instances.c -o obj/player_instances.o
mkdir -p obj/
cc -g -DDEBUG -DBFDEBUG_LEVEL=0 -O3 -march=x86-64 -Isrc -Ideps/centijson/include -Ideps/centitoml -Ideps/astronomy/include -Ideps/enet6/include -Ideps/libcurl/include -I/usr/include/luajit-2.1 -isystem deps/glad/include  -Wall -Wextra -Wno-error -Werror=unused-result -Wno-unused-parameter -Wno-absolute-value -Wno-unknown-pragmas -Wno-format-truncation -Wno-sign-compare -MMD -MP -c src/player_utils.c -o obj/player_utils.o
mkdir -p obj/
cc -g -DDEBUG -DBFDEBUG_LEVEL=0 -O3 -march=x86-64 -Isrc -Ideps/centijson/include -Ideps/centitoml -Ideps/astronomy/include -Ideps/enet6/include -Ideps/libcurl/include -I/usr/include/luajit-2.1 -isystem deps/glad/include  -Wall -Wextra -Wno-error -Werror=unused-result -Wno-unused-parameter -Wno-absolute-value -Wno-unknown-pragmas -Wno-format-truncation -Wno-sign-compare -MMD -MP -c src/power_hand.c -o obj/power_hand.o
mkdir -p obj/
cc -g -DDEBUG -DBFDEBUG_LEVEL=0 -O3 -march=x86-64 -Isrc -Ideps/centijson/include -Ideps/centitoml -Ideps/astronomy/include -Ideps/enet6/include -Ideps/libcurl/include -I/usr/include/luajit-2.1 -isystem deps/glad/include  -Wall -Wextra -Wno-error -Werror=unused-result -Wno-unused-parameter -Wno-absolute-value -Wno-unknown-pragmas -Wno-format-truncation -Wno-sign-compare -MMD -MP -c src/power_process.c -o obj/power_process.o
mkdir -p obj/
cc -g -DDEBUG -DBFDEBUG_LEVEL=0 -O3 -march=x86-64 -Isrc -Ideps/centijson/include -Ideps/centitoml -Ideps/astronomy/include -Ideps/enet6/include -Ideps/libcurl/include -I/usr/include/luajit-2.1 -isystem deps/glad/include  -Wall -Wextra -Wno-error -Werror=unused-result -Wno-unused-parameter -Wno-absolute-value -Wno-unknown-pragmas -Wno-format-truncation -Wno-sign-compare -MMD -MP -c src/power_specials.c -o obj/power_specials.o
mkdir -p obj/
cc -g -DDEBUG -DBFDEBUG_LEVEL=0 -O3 -march=x86-64 -Isrc -Ideps/centijson/include -Ideps/centitoml -Ideps/astronomy/include -Ideps/enet6/include -Ideps/libcurl/include -I/usr/include/luajit-2.1 -isystem deps/glad/include  -Wall -Wextra -Wno-error -Werror=unused-result -Wno-unused-parameter -Wno-absolute-value -Wno-unknown-pragmas -Wno-format-truncation -Wno-sign-compare -MMD -MP -c src/room_data.c -o obj/room_data.o
mkdir -p obj/
cc -g -DDEBUG -DBFDEBUG_LEVEL=0 -O3 -march=x86-64 -Isrc -Ideps/centijson/include -Ideps/centitoml -Ideps/astronomy/include -Ideps/enet6/include -Ideps/libcurl/include -I/usr/include/luajit-2.1 -isystem deps/glad/include  -Wall -Wextra -Wno-error -Werror=unused-result -Wno-unused-parameter -Wno-absolute-value -Wno-unknown-pragmas -Wno-format-truncation -Wno-sign-compare -MMD -MP -c src/room_entrance.c -o obj/room_entrance.o
mkdir -p obj/
cc -g -DDEBUG -DBFDEBUG_LEVEL=0 -O3 -march=x86-64 -Isrc -Ideps/centijson/include -Ideps/centitoml -Ideps/astronomy/include -Ideps/enet6/include -Ideps/libcurl/include -I/usr/include/luajit-2.1 -isystem deps/glad/include  -Wall -Wextra -Wno-error -Werror=unused-result -Wno-unused-parameter -Wno-absolute-value -Wno-unknown-pragmas -Wno-format-truncation -Wno-sign-compare -MMD -MP -c src/room_garden.c -o obj/room_garden.o
mkdir -p obj/
cc -g -DDEBUG -DBFDEBUG_LEVEL=0 -O3 -march=x86-64 -Isrc -Ideps/centijson/include -Ideps/centitoml -Ideps/astronomy/include -Ideps/enet6/include -Ideps/libcurl/include -I/usr/include/luajit-2.1 -isystem deps/glad/include  -Wall -Wextra -Wno-error -Werror=unused-result -Wno-unused-parameter -Wno-absolute-value -Wno-unknown-pragmas -Wno-format-truncation -Wno-sign-compare -MMD -MP -c src/room_graveyard.c -o obj/room_graveyard.o
mkdir -p obj/
cc -g -DDEBUG -DBFDEBUG_LEVEL=0 -O3 -march=x86-64 -Isrc -Ideps/centijson/include -Ideps/centitoml -Ideps/astronomy/include -Ideps/enet6/include -Ideps/libcurl/include -I/usr/include/luajit-2.1 -isystem deps/glad/include  -Wall -Wextra -Wno-error -Werror=unused-result -Wno-unused-parameter -Wno-absolute-value -Wno-unknown-pragmas -Wno-format-truncation -Wno-sign-compare -MMD -MP -c src/room_jobs.c -o obj/room_jobs.o
mkdir -p obj/
cc -g -DDEBUG -DBFDEBUG_LEVEL=0 -O3 -march=x86-64 -Isrc -Ideps/centijson/include -Ideps/centitoml -Ideps/astronomy/include -Ideps/enet6/include -Ideps/libcurl/include -I/usr/include/luajit-2.1 -isystem deps/glad/include  -Wall -Wextra -Wno-error -Werror=unused-result -Wno-unused-parameter -Wno-absolute-value -Wno-unknown-pragmas -Wno-format-truncation -Wno-sign-compare -MMD -MP -c src/room_lair.c -o obj/room_lair.o
mkdir -p obj/
cc -g -DDEBUG -DBFDEBUG_LEVEL=0 -O3 -march=x86-64 -Isrc -Ideps/centijson/include -Ideps/centitoml -Ideps/astronomy/include -Ideps/enet6/include -Ideps/libcurl/include -I/usr/include/luajit-2.1 -isystem deps/glad/include  -Wall -Wextra -Wno-error -Werror=unused-result -Wno-unused-parameter -Wno-absolute-value -Wno-unknown-pragmas -Wno-format-truncation -Wno-sign-compare -MMD -MP -c src/room_library.c -o obj/room_library.o
mkdir -p obj/
cc -g -DDEBUG -DBFDEBUG_LEVEL=0 -O3 -march=x86-64 -Isrc -Ideps/centijson/include -Ideps/centitoml -Ideps/astronomy/include -Ideps/enet6/include -Ideps/libcurl/include -I/usr/include/luajit-2.1 -isystem deps/glad/include  -Wall -Wextra -Wno-error -Werror=unused-result -Wno-unused-parameter -Wno-absolute-value -Wno-unknown-pragmas -Wno-format-truncation -Wno-sign-compare -MMD -MP -c src/room_list.c -o obj/room_list.o
mkdir -p obj/
cc -g -DDEBUG -DBFDEBUG_LEVEL=0 -O3 -march=x86-64 -Isrc -Ideps/centijson/include -Ideps/centitoml -Ideps/astronomy/include -Ideps/enet6/include -Ideps/libcurl/include -I/usr/include/luajit-2.1 -isystem deps/glad/include  -Wall -Wextra -Wno-error -Werror=unused-result -Wno-unused-parameter -Wno-absolute-value -Wno-unknown-pragmas -Wno-format-truncation -Wno-sign-compare -MMD -MP -c src/room_scavenge.c -o obj/room_scavenge.o
mkdir -p obj/
cc -g -DDEBUG -DBFDEBUG_LEVEL=0 -O3 -march=x86-64 -Isrc -Ideps/centijson/include -Ideps/centitoml -Ideps/astronomy/include -Ideps/enet6/include -Ideps/libcurl/include -I/usr/include/luajit-2.1 -isystem deps/glad/include  -Wall -Wextra -Wno-error -Werror=unused-result -Wno-unused-parameter -Wno-absolute-value -Wno-unknown-pragmas -Wno-format-truncation -Wno-sign-compare -MMD -MP -c src/room_treasure.c -o obj/room_treasure.o
mkdir -p obj/
cc -g -DDEBUG -DBFDEBUG_LEVEL=0 -O3 -march=x86-64 -Isrc -Ideps/centijson/include -Ideps/centitoml -Ideps/astronomy/include -Ideps/enet6/include -Ideps/libcurl/include -I/usr/include/luajit-2.1 -isystem deps/glad/include  -Wall -Wextra -Wno-error -Werror=unused-result -Wno-unused-parameter -Wno-absolute-value -Wno-unknown-pragmas -Wno-format-truncation -Wno-sign-compare -MMD -MP -c src/room_util.c -o obj/room_util.o
mkdir -p obj/
cc -g -DDEBUG -DBFDEBUG_LEVEL=0 -O3 -march=x86-64 -Isrc -Ideps/centijson/include -Ideps/centitoml -Ideps/astronomy/include -Ideps/enet6/include -Ideps/libcurl/include -I/usr/include/luajit-2.1 -isystem deps/glad/include  -Wall -Wextra -Wno-error -Werror=unused-result -Wno-unused-parameter -Wno-absolute-value -Wno-unknown-pragmas -Wno-format-truncation -Wno-sign-compare -MMD -MP -c src/room_workshop.c -o obj/room_workshop.o
mkdir -p obj/
cc -g -DDEBUG -DBFDEBUG_LEVEL=0 -O3 -march=x86-64 -Isrc -Ideps/centijson/include -Ideps/centitoml -Ideps/astronomy/include -Ideps/enet6/include -Ideps/libcurl/include -I/usr/include/luajit-2.1 -isystem deps/glad/include  -Wall -Wextra -Wno-error -Werror=unused-result -Wno-unused-parameter -Wno-absolute-value -Wno-unknown-pragmas -Wno-format-truncation -Wno-sign-compare -MMD -MP -c src/roomspace.c -o obj/roomspace.o
mkdir -p obj/
cc -g -DDEBUG -DBFDEBUG_LEVEL=0 -O3 -march=x86-64 -Isrc -Ideps/centijson/include -Ideps/centitoml -Ideps/astronomy/include -Ideps/enet6/include -Ideps/libcurl/include -I/usr/include/luajit-2.1 -isystem deps/glad/include  -Wall -Wextra -Wno-error -Werror=unused-result -Wno-unused-parameter -Wno-absolute-value -Wno-unknown-pragmas -Wno-format-truncation -Wno-sign-compare -MMD -MP -c src/roomspace_detection.c -o obj/roomspace_detection.o
mkdir -p obj/
cc -g -DDEBUG -DBFDEBUG_LEVEL=0 -O3 -march=x86-64 -Isrc -Ideps/centijson/include -Ideps/centitoml -Ideps/astronomy/include -Ideps/enet6/include -Ideps/libcurl/include -I/usr/include/luajit-2.1 -isystem deps/glad/include  -Wall -Wextra -Wno-error -Werror=unused-result -Wno-unused-parameter -Wno-absolute-value -Wno-unknown-pragmas -Wno-format-truncation -Wno-sign-compare -MMD -MP -c src/roomspace_prediction.c -o obj/roomspace_prediction.o
mkdir -p obj/
cc -g -DDEBUG -DBFDEBUG_LEVEL=0 -O3 -march=x86-64 -Isrc -Ideps/centijson/include -Ideps/centitoml -Ideps/astronomy/include -Ideps/enet6/include -Ideps/libcurl/include -I/usr/include/luajit-2.1 -isystem deps/glad/include  -Wall -Wextra -Wno-error -Werror=unused-result -Wno-unused-parameter -Wno-absolute-value -Wno-unknown-pragmas -Wno-format-truncation -Wno-sign-compare -MMD -MP -c src/scrcapt.c -o obj/scrcapt.o
mkdir -p obj/
cc -g -DDEBUG -DBFDEBUG_LEVEL=0 -O3 -march=x86-64 -Isrc -Ideps/centijson/include -Ideps/centitoml -Ideps/astronomy/include -Ideps/enet6/include -Ideps/libcurl/include -I/usr/include/luajit-2.1 -isystem deps/glad/include  -Wall -Wextra -Wno-error -Werror=unused-result -Wno-unused-parameter -Wno-absolute-value -Wno-unknown-pragmas -Wno-format-truncation -Wno-sign-compare -MMD -MP -c src/slab_data.c -o obj/slab_data.o
mkdir -p obj/
cc -g -DDEBUG -DBFDEBUG_LEVEL=0 -O3 -march=x86-64 -Isrc -Ideps/centijson/include -Ideps/centitoml -Ideps/astronomy/include -Ideps/enet6/include -Ideps/libcurl/include -I/usr/include/luajit-2.1 -isystem deps/glad/include  -Wall -Wextra -Wno-error -Werror=unused-result -Wno-unused-parameter -Wno-absolute-value -Wno-unknown-pragmas -Wno-format-truncation -Wno-sign-compare -MMD -MP -c src/sounds.c -o obj/sounds.o
mkdir -p obj/
cc -g -DDEBUG -DBFDEBUG_LEVEL=0 -O3 -march=x86-64 -Isrc -Ideps/centijson/include -Ideps/centitoml -Ideps/astronomy/include -Ideps/enet6/include -Ideps/libcurl/include -I/usr/include/luajit-2.1 -isystem deps/glad/include  -Wall -Wextra -Wno-error -Werror=unused-result -Wno-unused-parameter -Wno-absolute-value -Wno-unknown-pragmas -Wno-format-truncation -Wno-sign-compare -MMD -MP -c src/spdigger_stack.c -o obj/spdigger_stack.o
mkdir -p obj/
cc -g -DDEBUG -DBFDEBUG_LEVEL=0 -O3 -march=x86-64 -Isrc -Ideps/centijson/include -Ideps/centitoml -Ideps/astronomy/include -Ideps/enet6/include -Ideps/libcurl/include -I/usr/include/luajit-2.1 -isystem deps/glad/include  -Wall -Wextra -Wno-error -Werror=unused-result -Wno-unused-parameter -Wno-absolute-value -Wno-unknown-pragmas -Wno-format-truncation -Wno-sign-compare -MMD -MP -c src/tasks_list.c -o obj/tasks_list.o
mkdir -p obj/
cc -g -DDEBUG -DBFDEBUG_LEVEL=0 -O3 -march=x86-64 -Isrc -Ideps/centijson/include -Ideps/centitoml -Ideps/astronomy/include -Ideps/enet6/include -Ideps/libcurl/include -I/usr/include/luajit-2.1 -isystem deps/glad/include  -Wall -Wextra -Wno-error -Werror=unused-result -Wno-unused-parameter -Wno-absolute-value -Wno-unknown-pragmas -Wno-format-truncation -Wno-sign-compare -MMD -MP -c src/thing_corpses.c -o obj/thing_corpses.o
mkdir -p obj/
cc -g -DDEBUG -DBFDEBUG_LEVEL=0 -O3 -march=x86-64 -Isrc -Ideps/centijson/include -Ideps/centitoml -Ideps/astronomy/include -Ideps/enet6/include -Ideps/libcurl/include -I/usr/include/luajit-2.1 -isystem deps/glad/include  -Wall -Wextra -Wno-error -Werror=unused-result -Wno-unused-parameter -Wno-absolute-value -Wno-unknown-pragmas -Wno-format-truncation -Wno-sign-compare -MMD -MP -c src/thing_creature.c -o obj/thing_creature.o
mkdir -p obj/
cc -g -DDEBUG -DBFDEBUG_LEVEL=0 -O3 -march=x86-64 -Isrc -Ideps/centijson/include -Ideps/centitoml -Ideps/astronomy/include -Ideps/enet6/include -Ideps/libcurl/include -I/usr/include/luajit-2.1 -isystem deps/glad/include  -Wall -Wextra -Wno-error -Werror=unused-result -Wno-unused-parameter -Wno-absolute-value -Wno-unknown-pragmas -Wno-format-truncation -Wno-sign-compare -MMD -MP -c src/thing_data.c -o obj/thing_data.o
mkdir -p obj/
cc -g -DDEBUG -DBFDEBUG_LEVEL=0 -O3 -march=x86-64 -Isrc -Ideps/centijson/include -Ideps/centitoml -Ideps/astronomy/include -Ideps/enet6/include -Ideps/libcurl/include -I/usr/include/luajit-2.1 -isystem deps/glad/include  -Wall -Wextra -Wno-error -Werror=unused-result -Wno-unused-parameter -Wno-absolute-value -Wno-unknown-pragmas -Wno-format-truncation -Wno-sign-compare -MMD -MP -c src/thing_doors.c -o obj/thing_doors.o
mkdir -p obj/
cc -g -DDEBUG -DBFDEBUG_LEVEL=0 -O3 -march=x86-64 -Isrc -Ideps/centijson/include -Ideps/centitoml -Ideps/astronomy/include -Ideps/enet6/include -Ideps/libcurl/include -I/usr/include/luajit-2.1 -isystem deps/glad/include  -Wall -Wextra -Wno-error -Werror=unused-result -Wno-unused-parameter -Wno-absolute-value -Wno-unknown-pragmas -Wno-format-truncation -Wno-sign-compare -MMD -MP -c src/thing_effects.c -o obj/thing_effects.o
mkdir -p obj/
cc -g -DDEBUG -DBFDEBUG_LEVEL=0 -O3 -march=x86-64 -Isrc -Ideps/centijson/include -Ideps/centitoml -Ideps/astronomy/include -Ideps/enet6/include -Ideps/libcurl/include -I/usr/include/luajit-2.1 -isystem deps/glad/include  -Wall -Wextra -Wno-error -Werror=unused-result -Wno-unused-parameter -Wno-absolute-value -Wno-unknown-pragmas -Wno-format-truncation -Wno-sign-compare -MMD -MP -c src/thing_factory.c -o obj/thing_factory.o
mkdir -p obj/
cc -g -DDEBUG -DBFDEBUG_LEVEL=0 -O3 -march=x86-64 -Isrc -Ideps/centijson/include -Ideps/centitoml -Ideps/astronomy/include -Ideps/enet6/include -Ideps/libcurl/include -I/usr/include/luajit-2.1 -isystem deps/glad/include  -Wall -Wextra -Wno-error -Werror=unused-result -Wno-unused-parameter -Wno-absolute-value -Wno-unknown-pragmas -Wno-format-truncation -Wno-sign-compare -MMD -MP -c src/thing_list.c -o obj/thing_list.o
mkdir -p obj/
cc -g -DDEBUG -DBFDEBUG_LEVEL=0 -O3 -march=x86-64 -Isrc -Ideps/centijson/include -Ideps/centitoml -Ideps/astronomy/include -Ideps/enet6/include -Ideps/libcurl/include -I/usr/include/luajit-2.1 -isystem deps/glad/include  -Wall -Wextra -Wno-error -Werror=unused-result -Wno-unused-parameter -Wno-absolute-value -Wno-unknown-pragmas -Wno-format-truncation -Wno-sign-compare -MMD -MP -c src/thing_navigate.c -o obj/thing_navigate.o
mkdir -p obj/
cc -g -DDEBUG -DBFDEBUG_LEVEL=0 -O3 -march=x86-64 -Isrc -Ideps/centijson/include -Ideps/centitoml -Ideps/astronomy/include -Ideps/enet6/include -Ideps/libcurl/include -I/usr/include/luajit-2.1 -isystem deps/glad/include  -Wall -Wextra -Wno-error -Werror=unused-result -Wno-unused-parameter -Wno-absolute-value -Wno-unknown-pragmas -Wno-format-truncation -Wno-sign-compare -MMD -MP -c src/thing_objects.c -o obj/thing_objects.o
mkdir -p obj/
cc -g -DDEBUG -DBFDEBUG_LEVEL=0 -O3 -march=x86-64 -Isrc -Ideps/centijson/include -Ideps/centitoml -Ideps/astronomy/include -Ideps/enet6/include -Ideps/libcurl/include -I/usr/include/luajit-2.1 -isystem deps/glad/include  -Wall -Wextra -Wno-error -Werror=unused-result -Wno-unused-parameter -Wno-absolute-value -Wno-unknown-pragmas -Wno-format-truncation -Wno-sign-compare -MMD -MP -c src/thing_physics.c -o obj/thing_physics.o
mkdir -p obj/
cc -g -DDEBUG -DBFDEBUG_LEVEL=0 -O3 -march=x86-64 -Isrc -Ideps/centijson/include -Ideps/centitoml -Ideps/astronomy/include -Ideps/enet6/include -Ideps/libcurl/include -I/usr/include/luajit-2.1 -isystem deps/glad/include  -Wall -Wextra -Wno-error -Werror=unused-result -Wno-unused-parameter -Wno-absolute-value -Wno-unknown-pragmas -Wno-format-truncation -Wno-sign-compare -MMD -MP -c src/thing_shots.c -o obj/thing_shots.o
mkdir -p obj/
cc -g -DDEBUG -DBFDEBUG_LEVEL=0 -O3 -march=x86-64 -Isrc -Ideps/centijson/include -Ideps/centitoml -Ideps/astronomy/include -Ideps/enet6/include -Ideps/libcurl/include -I/usr/include/luajit-2.1 -isystem deps/glad/include  -Wall -Wextra -Wno-error -Werror=unused-result -Wno-unused-parameter -Wno-absolute-value -Wno-unknown-pragmas -Wno-format-truncation -Wno-sign-compare -MMD -MP -c src/thing_stats.c -o obj/thing_stats.o
mkdir -p obj/
cc -g -DDEBUG -DBFDEBUG_LEVEL=0 -O3 -march=x86-64 -Isrc -Ideps/centijson/include -Ideps/centitoml -Ideps/astronomy/include -Ideps/enet6/include -Ideps/libcurl/include -I/usr/include/luajit-2.1 -isystem deps/glad/include  -Wall -Wextra -Wno-error -Werror=unused-result -Wno-unused-parameter -Wno-absolute-value -Wno-unknown-pragmas -Wno-format-truncation -Wno-sign-compare -MMD -MP -c src/thing_traps.c -o obj/thing_traps.o
mkdir -p obj/
cc -g -DDEBUG -DBFDEBUG_LEVEL=0 -O3 -march=x86-64 -Isrc -Ideps/centijson/include -Ideps/centitoml -Ideps/astronomy/include -Ideps/enet6/include -Ideps/libcurl/include -I/usr/include/luajit-2.1 -isystem deps/glad/include  -Wall -Wextra -Wno-error -Werror=unused-result -Wno-unused-parameter -Wno-absolute-value -Wno-unknown-pragmas -Wno-format-truncation -Wno-sign-compare -MMD -MP -c src/timer.c -o obj/timer.o
mkdir -p obj/
cc -g -DDEBUG -DBFDEBUG_LEVEL=0 -O3 -march=x86-64 -Isrc -Ideps/centijson/include -Ideps/centitoml -Ideps/astronomy/include -Ideps/enet6/include -Ideps/libcurl/include -I/usr/include/luajit-2.1 -isystem deps/glad/include  -Wall -Wextra -Wno-error -Werror=unused-result -Wno-unused-parameter -Wno-absolute-value -Wno-unknown-pragmas -Wno-format-truncation -Wno-sign-compare -MMD -MP -c src/value_util.c -o obj/value_util.o
mkdir -p obj/
cc -g -DDEBUG -DBFDEBUG_LEVEL=0 -O3 -march=x86-64 -Isrc -Ideps/centijson/include -Ideps/centitoml -Ideps/astronomy/include -Ideps/enet6/include -Ideps/libcurl/include -I/usr/include/luajit-2.1 -isystem deps/glad/include  -Wall -Wextra -Wno-error -Werror=unused-result -Wno-unused-parameter -Wno-absolute-value -Wno-unknown-pragmas -Wno-format-truncation -Wno-sign-compare -MMD -MP -c src/vidfade.c -o obj/vidfade.o
mkdir -p obj/
cc -g -DDEBUG -DBFDEBUG_LEVEL=0 -O3 -march=x86-64 -Isrc -Ideps/centijson/include -Ideps/centitoml -Ideps/astronomy/include -Ideps/enet6/include -Ideps/libcurl/include -I/usr/include/luajit-2.1 -isystem deps/glad/include  -Wall -Wextra -Wno-error -Werror=unused-result -Wno-unused-parameter -Wno-absolute-value -Wno-unknown-pragmas -Wno-format-truncation -Wno-sign-compare -MMD -MP -c src/vidmode.c -o obj/vidmode.o
mkdir -p obj/
g++ -g -DDEBUG -DBFDEBUG_LEVEL=0 -O3 -march=x86-64 -Isrc -Ideps/centijson/include -Ideps/centitoml -Ideps/astronomy/include -Ideps/enet6/include -Ideps/libcurl/include -I/usr/include/luajit-2.1 -isystem deps/glad/include  -Wall -Wextra -Wno-error -Werror=unused-result -Wno-unused-parameter -Wno-unknown-pragmas -Wno-format-truncation -Wno-sign-compare -MMD -MP -c src/bflib_datetm.cpp -o obj/bflib_datetm.o
mkdir -p obj/
g++ -g -DDEBUG -DBFDEBUG_LEVEL=0 -O3 -march=x86-64 -Isrc -Ideps/centijson/include -Ideps/centitoml -Ideps/astronomy/include -Ideps/enet6/include -Ideps/libcurl/include -I/usr/include/luajit-2.1 -isystem deps/glad/include  -Wall -Wextra -Wno-error -Werror=unused-result -Wno-unused-parameter -Wno-unknown-pragmas -Wno-format-truncation -Wno-sign-compare -MMD -MP -c src/bflib_enet.cpp -o obj/bflib_enet.o
mkdir -p obj/
g++ -g -DDEBUG -DBFDEBUG_LEVEL=0 -O3 -march=x86-64 -Isrc -Ideps/centijson/include -Ideps/centitoml -Ideps/astronomy/include -Ideps/enet6/include -Ideps/libcurl/include -I/usr/include/luajit-2.1 -isystem deps/glad/include  -Wall -Wextra -Wno-error -Werror=unused-result -Wno-unused-parameter -Wno-unknown-pragmas -Wno-format-truncation -Wno-sign-compare -MMD -MP -c src/net_portforward.cpp -o obj/net_portforward.o
mkdir -p obj/
g++ -g -DDEBUG -DBFDEBUG_LEVEL=0 -O3 -march=x86-64 -Isrc -Ideps/centijson/include -Ideps/centitoml -Ideps/astronomy/include -Ideps/enet6/include -Ideps/libcurl/include -I/usr/include/luajit-2.1 -isystem deps/glad/include  -Wall -Wextra -Wno-error -Werror=unused-result -Wno-unused-parameter -Wno-unknown-pragmas -Wno-format-truncation -Wno-sign-compare -MMD -MP -c src/bflib_fmvids.cpp -o obj/bflib_fmvids.o
mkdir -p obj/
g++ -g -DDEBUG -DBFDEBUG_LEVEL=0 -O3 -march=x86-64 -Isrc -Ideps/centijson/include -Ideps/centitoml -Ideps/astronomy/include -Ideps/enet6/include -Ideps/libcurl/include -I/usr/include/luajit-2.1 -isystem deps/glad/include  -Wall -Wextra -Wno-error -Werror=unused-result -Wno-unused-parameter -Wno-unknown-pragmas -Wno-format-truncation -Wno-sign-compare -MMD -MP -c src/bflib_input_joyst.cpp -o obj/bflib_input_joyst.o
mkdir -p obj/
g++ -g -DDEBUG -DBFDEBUG_LEVEL=0 -O3 -march=x86-64 -Isrc -Ideps/centijson/include -Ideps/centitoml -Ideps/astronomy/include -Ideps/enet6/include -Ideps/libcurl/include -I/usr/include/luajit-2.1 -isystem deps/glad/include  -Wall -Wextra -Wno-error -Werror=unused-result -Wno-unused-parameter -Wno-unknown-pragmas -Wno-format-truncation -Wno-sign-compare -MMD -MP -c src/bflib_inputctrl.cpp -o obj/bflib_inputctrl.o
mkdir -p obj/
g++ -g -DDEBUG -DBFDEBUG_LEVEL=0 -O3 -march=x86-64 -Isrc -Ideps/centijson/include -Ideps/centitoml -Ideps/astronomy/include -Ideps/enet6/include -Ideps/libcurl/include -I/usr/include/luajit-2.1 -isystem deps/glad/include  -Wall -Wextra -Wno-error -Werror=unused-result -Wno-unused-parameter -Wno-unknown-pragmas -Wno-format-truncation -Wno-sign-compare -MMD -MP -c src/bflib_main.cpp -o obj/bflib_main.o
mkdir -p obj/
g++ -g -DDEBUG -DBFDEBUG_LEVEL=0 -O3 -march=x86-64 -Isrc -Ideps/centijson/include -Ideps/centitoml -Ideps/astronomy/include -Ideps/enet6/include -Ideps/libcurl/include -I/usr/include/luajit-2.1 -isystem deps/glad/include  -Wall -Wextra -Wno-error -Werror=unused-result -Wno-unused-parameter -Wno-unknown-pragmas -Wno-format-truncation -Wno-sign-compare -MMD -MP -c src/bflib_mouse.cpp -o obj/bflib_mouse.o
mkdir -p obj/
g++ -g -DDEBUG -DBFDEBUG_LEVEL=0 -O3 -march=x86-64 -Isrc -Ideps/centijson/include -Ideps/centitoml -Ideps/astronomy/include -Ideps/enet6/include -Ideps/libcurl/include -I/usr/include/luajit-2.1 -isystem deps/glad/include  -Wall -Wextra -Wno-error -Werror=unused-result -Wno-unused-parameter -Wno-unknown-pragmas -Wno-format-truncation -Wno-sign-compare -MMD -MP -c src/bflib_mshandler.cpp -o obj/bflib_mshandler.o
mkdir -p obj/
g++ -g -DDEBUG -DBFDEBUG_LEVEL=0 -O3 -march=x86-64 -Isrc -Ideps/centijson/include -Ideps/centitoml -Ideps/astronomy/include -Ideps/enet6/include -Ideps/libcurl/include -I/usr/include/luajit-2.1 -isystem deps/glad/include  -Wall -Wextra -Wno-error -Werror=unused-result -Wno-unused-parameter -Wno-unknown-pragmas -Wno-format-truncation -Wno-sign-compare -MMD -MP -c src/bflib_mspointer.cpp -o obj/bflib_mspointer.o
mkdir -p obj/
g++ -g -DDEBUG -DBFDEBUG_LEVEL=0 -O3 -march=x86-64 -Isrc -Ideps/centijson/include -Ideps/centitoml -Ideps/astronomy/include -Ideps/enet6/include -Ideps/libcurl/include -I/usr/include/luajit-2.1 -isystem deps/glad/include  -Wall -Wextra -Wno-error -Werror=unused-result -Wno-unused-parameter -Wno-unknown-pragmas -Wno-format-truncation -Wno-sign-compare -MMD -MP -c src/bflib_netsp.cpp -o obj/bflib_netsp.o
mkdir -p obj/
g++ -g -DDEBUG -DBFDEBUG_LEVEL=0 -O3 -march=x86-64 -Isrc -Ideps/centijson/include -Ideps/centitoml -Ideps/astronomy/include -Ideps/enet6/include -Ideps/libcurl/include -I/usr/include/luajit-2.1 -isystem deps/glad/include  -Wall -Wextra -Wno-error -Werror=unused-result -Wno-unused-parameter -Wno-unknown-pragmas -Wno-format-truncation -Wno-sign-compare -MMD -MP -c src/bflib_sndlib.cpp -o obj/bflib_sndlib.o
mkdir -p obj/
g++ -g -DDEBUG -DBFDEBUG_LEVEL=0 -O3 -march=x86-64 -Isrc -Ideps/centijson/include -Ideps/centitoml -Ideps/astronomy/include -Ideps/enet6/include -Ideps/libcurl/include -I/usr/include/luajit-2.1 -isystem deps/glad/include  -Wall -Wextra -Wno-error -Werror=unused-result -Wno-unused-parameter -Wno-unknown-pragmas -Wno-format-truncation -Wno-sign-compare -MMD -MP -c src/engine_render_data.cpp -o obj/engine_render_data.o
mkdir -p obj/
g++ -g -DDEBUG -DBFDEBUG_LEVEL=0 -O3 -march=x86-64 -Isrc -Ideps/centijson/include -Ideps/centitoml -Ideps/astronomy/include -Ideps/enet6/include -Ideps/libcurl/include -I/usr/include/luajit-2.1 -isystem deps/glad/include  -Wall -Wextra -Wno-error -Werror=unused-result -Wno-unused-parameter -Wno-unknown-pragmas -Wno-format-truncation -Wno-sign-compare -MMD -MP -c src/front_lvlstats_data.cpp -o obj/front_lvlstats_data.o
mkdir -p obj/
g++ -g -DDEBUG -DBFDEBUG_LEVEL=0 -O3 -march=x86-64 -Isrc -Ideps/centijson/include -Ideps/centitoml -Ideps/astronomy/include -Ideps/enet6/include -Ideps/libcurl/include -I/usr/include/luajit-2.1 -isystem deps/glad/include  -Wall -Wextra -Wno-error -Werror=unused-result -Wno-unused-parameter -Wno-unknown-pragmas -Wno-format-truncation -Wno-sign-compare -MMD -MP -c src/front_torture_data.cpp -o obj/front_torture_data.o
mkdir -p obj/
g++ -g -DDEBUG -DBFDEBUG_LEVEL=0 -O3 -march=x86-64 -Isrc -Ideps/centijson/include -Ideps/centitoml -Ideps/astronomy/include -Ideps/enet6/include -Ideps/libcurl/include -I/usr/include/luajit-2.1 -isystem deps/glad/include  -Wall -Wextra -Wno-error -Werror=unused-result -Wno-unused-parameter -Wno-unknown-pragmas -Wno-format-truncation -Wno-sign-compare -MMD -MP -c src/frontend.cpp -o obj/frontend.o
mkdir -p obj/
g++ -g -DDEBUG -DBFDEBUG_LEVEL=0 -O3 -march=x86-64 -Isrc -Ideps/centijson/include -Ideps/centitoml -Ideps/astronomy/include -Ideps/enet6/include -Ideps/libcurl/include -I/usr/include/luajit-2.1 -isystem deps/glad/include  -Wall -Wextra -Wno-error -Werror=unused-result -Wno-unused-parameter -Wno-unknown-pragmas -Wno-format-truncation -Wno-sign-compare -MMD -MP -c src/frontmenu_ingame_evnt_data.cpp -o obj/frontmenu_ingame_evnt_data.o
mkdir -p obj/
g++ -g -DDEBUG -DBFDEBUG_LEVEL=0 -O3 -march=x86-64 -Isrc -Ideps/centijson/include -Ideps/centitoml -Ideps/astronomy/include -Ideps/enet6/include -Ideps/libcurl/include -I/usr/include/luajit-2.1 -isystem deps/glad/include  -Wall -Wextra -Wno-error -Werror=unused-result -Wno-unused-parameter -Wno-unknown-pragmas -Wno-format-truncation -Wno-sign-compare -MMD -MP -c src/frontmenu_ingame_opts_data.cpp -o obj/frontmenu_ingame_opts_data.o
mkdir -p obj/
g++ -g -DDEBUG -DBFDEBUG_LEVEL=0 -O3 -march=x86-64 -Isrc -Ideps/centijson/include -Ideps/centitoml -Ideps/astronomy/include -Ideps/enet6/include -Ideps/libcurl/include -I/usr/include/luajit-2.1 -isystem deps/glad/include  -Wall -Wextra -Wno-error -Werror=unused-result -Wno-unused-parameter -Wno-unknown-pragmas -Wno-format-truncation -Wno-sign-compare -MMD -MP -c src/frontmenu_ingame_tabs_data.cpp -o obj/frontmenu_ingame_tabs_data.o
mkdir -p obj/
g++ -g -DDEBUG -DBFDEBUG_LEVEL=0 -O3 -march=x86-64 -Isrc -Ideps/centijson/include -Ideps/centitoml -Ideps/astronomy/include -Ideps/enet6/include -Ideps/libcurl/include -I/usr/include/luajit-2.1 -isystem deps/glad/include  -Wall -Wextra -Wno-error -Werror=unused-result -Wno-unused-parameter -Wno-unknown-pragmas -Wno-format-truncation -Wno-sign-compare -MMD -MP -c src/frontmenu_net_data.cpp -o obj/frontmenu_net_data.o
mkdir -p obj/
g++ -g -DDEBUG -DBFDEBUG_LEVEL=0 -O3 -march=x86-64 -Isrc -Ideps/centijson/include -Ideps/centitoml -Ideps/astronomy/include -Ideps/enet6/include -Ideps/libcurl/include -I/usr/include/luajit-2.1 -isystem deps/glad/include  -Wall -Wextra -Wno-error -Werror=unused-result -Wno-unused-parameter -Wno-unknown-pragmas -Wno-format-truncation -Wno-sign-compare -MMD -MP -c src/frontmenu_options_data.cpp -o obj/frontmenu_options_data.o
mkdir -p obj/
g++ -g -DDEBUG -DBFDEBUG_LEVEL=0 -O3 -march=x86-64 -Isrc -Ideps/centijson/include -Ideps/centitoml -Ideps/astronomy/include -Ideps/enet6/include -Ideps/libcurl/include -I/usr/include/luajit-2.1 -isystem deps/glad/include  -Wall -Wextra -Wno-error -Werror=unused-result -Wno-unused-parameter -Wno-unknown-pragmas -Wno-format-truncation -Wno-sign-compare -MMD -MP -c src/frontmenu_saves_data.cpp -o obj/frontmenu_saves_data.o
src/thing_traps.c: In function ‘trap_fire_shot_without_target’:
src/thing_traps.c:1363:16: warning: this statement may fall through [-Wimplicit-fallthrough=]
src/thing_traps.c:1379:9: note: here
mkdir -p obj/
g++ -g -DDEBUG -DBFDEBUG_LEVEL=0 -O3 -march=x86-64 -Isrc -Ideps/centijson/include -Ideps/centitoml -Ideps/astronomy/include -Ideps/enet6/include -Ideps/libcurl/include -I/usr/include/luajit-2.1 -isystem deps/glad/include  -Wall -Wextra -Wno-error -Werror=unused-result -Wno-unused-parameter -Wno-unknown-pragmas -Wno-format-truncation -Wno-sign-compare -MMD -MP -c src/frontmenu_select_data.cpp -o obj/frontmenu_select_data.o
mkdir -p obj/
g++ -g -DDEBUG -DBFDEBUG_LEVEL=0 -O3 -march=x86-64 -Isrc -Ideps/centijson/include -Ideps/centitoml -Ideps/astronomy/include -Ideps/enet6/include -Ideps/libcurl/include -I/usr/include/luajit-2.1 -isystem deps/glad/include  -Wall -Wextra -Wno-error -Werror=unused-result -Wno-unused-parameter -Wno-unknown-pragmas -Wno-format-truncation -Wno-sign-compare -MMD -MP -c src/game_update.cpp -o obj/game_update.o
mkdir -p obj/
g++ -g -DDEBUG -DBFDEBUG_LEVEL=0 -O3 -march=x86-64 -Isrc -Ideps/centijson/include -Ideps/centitoml -Ideps/astronomy/include -Ideps/enet6/include -Ideps/libcurl/include -I/usr/include/luajit-2.1 -isystem deps/glad/include  -Wall -Wextra -Wno-error -Werror=unused-result -Wno-unused-parameter -Wno-unknown-pragmas -Wno-format-truncation -Wno-sign-compare -MMD -MP -c src/gui_soundmsgs.cpp -o obj/gui_soundmsgs.o
mkdir -p obj/kfx/platform/
g++ -g -DDEBUG -DBFDEBUG_LEVEL=0 -O3 -march=x86-64 -Isrc -Ideps/centijson/include -Ideps/centitoml -Ideps/astronomy/include -Ideps/enet6/include -Ideps/libcurl/include -I/usr/include/luajit-2.1 -isystem deps/glad/include  -Wall -Wextra -Wno-error -Werror=unused-result -Wno-unused-parameter -Wno-unknown-pragmas -Wno-format-truncation -Wno-sign-compare -MMD -MP -c src/kfx/platform/PlatformManager.cpp -o obj/kfx/platform/PlatformManager.o
mkdir -p obj/kfx/platform/
g++ -g -DDEBUG -DBFDEBUG_LEVEL=0 -O3 -march=x86-64 -Isrc -Ideps/centijson/include -Ideps/centitoml -Ideps/astronomy/include -Ideps/enet6/include -Ideps/libcurl/include -I/usr/include/luajit-2.1 -isystem deps/glad/include  -Wall -Wextra -Wno-error -Werror=unused-result -Wno-unused-parameter -Wno-unknown-pragmas -Wno-format-truncation -Wno-sign-compare -MMD -MP -c src/kfx/platform/PlatformLinux.cpp -o obj/kfx/platform/PlatformLinux.o
mkdir -p obj/kfx/platform/
g++ -g -DDEBUG -DBFDEBUG_LEVEL=0 -O3 -march=x86-64 -Isrc -Ideps/centijson/include -Ideps/centitoml -Ideps/astronomy/include -Ideps/enet6/include -Ideps/libcurl/include -I/usr/include/luajit-2.1 -isystem deps/glad/include  -Wall -Wextra -Wno-error -Werror=unused-result -Wno-unused-parameter -Wno-unknown-pragmas -Wno-format-truncation -Wno-sign-compare -MMD -MP -c src/kfx/platform/WindowSystemSDL.cpp -o obj/kfx/platform/WindowSystemSDL.o
mkdir -p obj/kfx/renderer/
g++ -g -DDEBUG -DBFDEBUG_LEVEL=0 -O3 -march=x86-64 -Isrc -Ideps/centijson/include -Ideps/centitoml -Ideps/astronomy/include -Ideps/enet6/include -Ideps/libcurl/include -I/usr/include/luajit-2.1 -isystem deps/glad/include  -Wall -Wextra -Wno-error -Werror=unused-result -Wno-unused-parameter -Wno-unknown-pragmas -Wno-format-truncation -Wno-sign-compare -MMD -MP -c src/kfx/renderer/ITextRenderer.cpp -o obj/kfx/renderer/ITextRenderer.o
mkdir -p obj/kfx/renderer/
g++ -g -DDEBUG -DBFDEBUG_LEVEL=0 -O3 -march=x86-64 -Isrc -Ideps/centijson/include -Ideps/centitoml -Ideps/astronomy/include -Ideps/enet6/include -Ideps/libcurl/include -I/usr/include/luajit-2.1 -isystem deps/glad/include  -Wall -Wextra -Wno-error -Werror=unused-result -Wno-unused-parameter -Wno-unknown-pragmas -Wno-format-truncation -Wno-sign-compare -MMD -MP -c src/kfx/renderer/IUIRenderer.cpp -o obj/kfx/renderer/IUIRenderer.o
mkdir -p obj/kfx/renderer/
g++ -g -DDEBUG -DBFDEBUG_LEVEL=0 -O3 -march=x86-64 -Isrc -Ideps/centijson/include -Ideps/centitoml -Ideps/astronomy/include -Ideps/enet6/include -Ideps/libcurl/include -I/usr/include/luajit-2.1 -isystem deps/glad/include  -Wall -Wextra -Wno-error -Werror=unused-result -Wno-unused-parameter -Wno-unknown-pragmas -Wno-format-truncation -Wno-sign-compare -MMD -MP -c src/kfx/renderer/RendererManager.cpp -o obj/kfx/renderer/RendererManager.o
mkdir -p obj/kfx/renderer/
g++ -g -DDEBUG -DBFDEBUG_LEVEL=0 -O3 -march=x86-64 -Isrc -Ideps/centijson/include -Ideps/centitoml -Ideps/astronomy/include -Ideps/enet6/include -Ideps/libcurl/include -I/usr/include/luajit-2.1 -isystem deps/glad/include  -Wall -Wextra -Wno-error -Werror=unused-result -Wno-unused-parameter -Wno-unknown-pragmas -Wno-format-truncation -Wno-sign-compare -MMD -MP -c src/kfx/renderer/RendererSoftware.cpp -o obj/kfx/renderer/RendererSoftware.o
mkdir -p obj/kfx/lense/
g++ -g -DDEBUG -DBFDEBUG_LEVEL=0 -O3 -march=x86-64 -Isrc -Ideps/centijson/include -Ideps/centitoml -Ideps/astronomy/include -Ideps/enet6/include -Ideps/libcurl/include -I/usr/include/luajit-2.1 -isystem deps/glad/include  -Wall -Wextra -Wno-error -Werror=unused-result -Wno-unused-parameter -Wno-unknown-pragmas -Wno-format-truncation -Wno-sign-compare -MMD -MP -c src/kfx/lense/DisplacementEffect.cpp -o obj/kfx/lense/DisplacementEffect.o
mkdir -p obj/kfx/lense/
g++ -g -DDEBUG -DBFDEBUG_LEVEL=0 -O3 -march=x86-64 -Isrc -Ideps/centijson/include -Ideps/centitoml -Ideps/astronomy/include -Ideps/enet6/include -Ideps/libcurl/include -I/usr/include/luajit-2.1 -isystem deps/glad/include  -Wall -Wextra -Wno-error -Werror=unused-result -Wno-unused-parameter -Wno-unknown-pragmas -Wno-format-truncation -Wno-sign-compare -MMD -MP -c src/kfx/lense/FlyeyeEffect.cpp -o obj/kfx/lense/FlyeyeEffect.o
mkdir -p obj/kfx/lense/
g++ -g -DDEBUG -DBFDEBUG_LEVEL=0 -O3 -march=x86-64 -Isrc -Ideps/centijson/include -Ideps/centitoml -Ideps/astronomy/include -Ideps/enet6/include -Ideps/libcurl/include -I/usr/include/luajit-2.1 -isystem deps/glad/include  -Wall -Wextra -Wno-error -Werror=unused-result -Wno-unused-parameter -Wno-unknown-pragmas -Wno-format-truncation -Wno-sign-compare -MMD -MP -c src/kfx/lense/LensEffect.cpp -o obj/kfx/lense/LensEffect.o
mkdir -p obj/kfx/lense/
g++ -g -DDEBUG -DBFDEBUG_LEVEL=0 -O3 -march=x86-64 -Isrc -Ideps/centijson/include -Ideps/centitoml -Ideps/astronomy/include -Ideps/enet6/include -Ideps/libcurl/include -I/usr/include/luajit-2.1 -isystem deps/glad/include  -Wall -Wextra -Wno-error -Werror=unused-result -Wno-unused-parameter -Wno-unknown-pragmas -Wno-format-truncation -Wno-sign-compare -MMD -MP -c src/kfx/lense/LensManager.cpp -o obj/kfx/lense/LensManager.o
mkdir -p obj/kfx/lense/
g++ -g -DDEBUG -DBFDEBUG_LEVEL=0 -O3 -march=x86-64 -Isrc -Ideps/centijson/include -Ideps/centitoml -Ideps/astronomy/include -Ideps/enet6/include -Ideps/libcurl/include -I/usr/include/luajit-2.1 -isystem deps/glad/include  -Wall -Wextra -Wno-error -Werror=unused-result -Wno-unused-parameter -Wno-unknown-pragmas -Wno-format-truncation -Wno-sign-compare -MMD -MP -c src/kfx/lense/LuaLensEffect.cpp -o obj/kfx/lense/LuaLensEffect.o
mkdir -p obj/kfx/lense/
g++ -g -DDEBUG -DBFDEBUG_LEVEL=0 -O3 -march=x86-64 -Isrc -Ideps/centijson/include -Ideps/centitoml -Ideps/astronomy/include -Ideps/enet6/include -Ideps/libcurl/include -I/usr/include/luajit-2.1 -isystem deps/glad/include  -Wall -Wextra -Wno-error -Werror=unused-result -Wno-unused-parameter -Wno-unknown-pragmas -Wno-format-truncation -Wno-sign-compare -MMD -MP -c src/kfx/lense/MistEffect.cpp -o obj/kfx/lense/MistEffect.o
mkdir -p obj/kfx/lense/
g++ -g -DDEBUG -DBFDEBUG_LEVEL=0 -O3 -march=x86-64 -Isrc -Ideps/centijson/include -Ideps/centitoml -Ideps/astronomy/include -Ideps/enet6/include -Ideps/libcurl/include -I/usr/include/luajit-2.1 -isystem deps/glad/include  -Wall -Wextra -Wno-error -Werror=unused-result -Wno-unused-parameter -Wno-unknown-pragmas -Wno-format-truncation -Wno-sign-compare -MMD -MP -c src/kfx/lense/OverlayEffect.cpp -o obj/kfx/lense/OverlayEffect.o
mkdir -p obj/kfx/lense/
g++ -g -DDEBUG -DBFDEBUG_LEVEL=0 -O3 -march=x86-64 -Isrc -Ideps/centijson/include -Ideps/centitoml -Ideps/astronomy/include -Ideps/enet6/include -Ideps/libcurl/include -I/usr/include/luajit-2.1 -isystem deps/glad/include  -Wall -Wextra -Wno-error -Werror=unused-result -Wno-unused-parameter -Wno-unknown-pragmas -Wno-format-truncation -Wno-sign-compare -MMD -MP -c src/kfx/lense/PaletteEffect.cpp -o obj/kfx/lense/PaletteEffect.o
mkdir -p obj/kfx/platform/
g++ -g -DDEBUG -DBFDEBUG_LEVEL=0 -O3 -march=x86-64 -Isrc -Ideps/centijson/include -Ideps/centitoml -Ideps/astronomy/include -Ideps/enet6/include -Ideps/libcurl/include -I/usr/include/luajit-2.1 -isystem deps/glad/include  -Wall -Wextra -Wno-error -Werror=unused-result -Wno-unused-parameter -Wno-unknown-pragmas -Wno-format-truncation -Wno-sign-compare -MMD -MP -c src/kfx/platform/GLContextSDL.cpp -o obj/kfx/platform/GLContextSDL.o
mkdir -p obj/kfx/renderer/
g++ -g -DDEBUG -DBFDEBUG_LEVEL=0 -O3 -march=x86-64 -Isrc -Ideps/centijson/include -Ideps/centitoml -Ideps/astronomy/include -Ideps/enet6/include -Ideps/libcurl/include -I/usr/include/luajit-2.1 -isystem deps/glad/include  -Wall -Wextra -Wno-error -Werror=unused-result -Wno-unused-parameter -Wno-unknown-pragmas -Wno-format-truncation -Wno-sign-compare -MMD -MP -c src/kfx/renderer/PaletteTransform.cpp -o obj/kfx/renderer/PaletteTransform.o
mkdir -p obj/kfx/renderer/
g++ -g -DDEBUG -DBFDEBUG_LEVEL=0 -O3 -march=x86-64 -Isrc -Ideps/centijson/include -Ideps/centitoml -Ideps/astronomy/include -Ideps/enet6/include -Ideps/libcurl/include -I/usr/include/luajit-2.1 -isystem deps/glad/include  -Wall -Wextra -Wno-error -Werror=unused-result -Wno-unused-parameter -Wno-unknown-pragmas -Wno-format-truncation -Wno-sign-compare -MMD -MP -c src/kfx/renderer/RenderGraph.cpp -o obj/kfx/renderer/RenderGraph.o
mkdir -p obj/kfx/renderer/
g++ -g -DDEBUG -DBFDEBUG_LEVEL=0 -O3 -march=x86-64 -Isrc -Ideps/centijson/include -Ideps/centitoml -Ideps/astronomy/include -Ideps/enet6/include -Ideps/libcurl/include -I/usr/include/luajit-2.1 -isystem deps/glad/include  -Wall -Wextra -Wno-error -Werror=unused-result -Wno-unused-parameter -Wno-unknown-pragmas -Wno-format-truncation -Wno-sign-compare -MMD -MP -c src/kfx/renderer/RenderTaskProducerRegistry.cpp -o obj/kfx/renderer/RenderTaskProducerRegistry.o
mkdir -p obj/kfx/renderer/
g++ -g -DDEBUG -DBFDEBUG_LEVEL=0 -O3 -march=x86-64 -Isrc -Ideps/centijson/include -Ideps/centitoml -Ideps/astronomy/include -Ideps/enet6/include -Ideps/libcurl/include -I/usr/include/luajit-2.1 -isystem deps/glad/include  -Wall -Wextra -Wno-error -Werror=unused-result -Wno-unused-parameter -Wno-unknown-pragmas -Wno-format-truncation -Wno-sign-compare -MMD -MP -c src/kfx/renderer/RenderThreadManager.cpp -o obj/kfx/renderer/RenderThreadManager.o
mkdir -p obj/kfx/renderer/
g++ -g -DDEBUG -DBFDEBUG_LEVEL=0 -O3 -march=x86-64 -Isrc -Ideps/centijson/include -Ideps/centitoml -Ideps/astronomy/include -Ideps/enet6/include -Ideps/libcurl/include -I/usr/include/luajit-2.1 -isystem deps/glad/include  -Wall -Wextra -Wno-error -Werror=unused-result -Wno-unused-parameter -Wno-unknown-pragmas -Wno-format-truncation -Wno-sign-compare -MMD -MP -c src/kfx/renderer/RendererBridge_UI.cpp -o obj/kfx/renderer/RendererBridge_UI.o
mkdir -p obj/kfx/renderer/
g++ -g -DDEBUG -DBFDEBUG_LEVEL=0 -O3 -march=x86-64 -Isrc -Ideps/centijson/include -Ideps/centitoml -Ideps/astronomy/include -Ideps/enet6/include -Ideps/libcurl/include -I/usr/include/luajit-2.1 -isystem deps/glad/include  -Wall -Wextra -Wno-error -Werror=unused-result -Wno-unused-parameter -Wno-unknown-pragmas -Wno-format-truncation -Wno-sign-compare -MMD -MP -c src/kfx/renderer/RendererFrameCounter.cpp -o obj/kfx/renderer/RendererFrameCounter.o
mkdir -p obj/kfx/renderer/
g++ -g -DDEBUG -DBFDEBUG_LEVEL=0 -O3 -march=x86-64 -Isrc -Ideps/centijson/include -Ideps/centitoml -Ideps/astronomy/include -Ideps/enet6/include -Ideps/libcurl/include -I/usr/include/luajit-2.1 -isystem deps/glad/include  -Wall -Wextra -Wno-error -Werror=unused-result -Wno-unused-parameter -Wno-unknown-pragmas -Wno-format-truncation -Wno-sign-compare -MMD -MP -c src/kfx/renderer/RendererOpenGL.cpp -o obj/kfx/renderer/RendererOpenGL.o
mkdir -p obj/kfx/renderer/
g++ -g -DDEBUG -DBFDEBUG_LEVEL=0 -O3 -march=x86-64 -Isrc -Ideps/centijson/include -Ideps/centitoml -Ideps/astronomy/include -Ideps/enet6/include -Ideps/libcurl/include -I/usr/include/luajit-2.1 -isystem deps/glad/include  -Wall -Wextra -Wno-error -Werror=unused-result -Wno-unused-parameter -Wno-unknown-pragmas -Wno-format-truncation -Wno-sign-compare -MMD -MP -c src/kfx/renderer/RendererThread.cpp -o obj/kfx/renderer/RendererThread.o
mkdir -p obj/kfx/renderer/
g++ -g -DDEBUG -DBFDEBUG_LEVEL=0 -O3 -march=x86-64 -Isrc -Ideps/centijson/include -Ideps/centitoml -Ideps/astronomy/include -Ideps/enet6/include -Ideps/libcurl/include -I/usr/include/luajit-2.1 -isystem deps/glad/include  -Wall -Wextra -Wno-error -Werror=unused-result -Wno-unused-parameter -Wno-unknown-pragmas -Wno-format-truncation -Wno-sign-compare -MMD -MP -c src/kfx/renderer/TileAtlasPacker.cpp -o obj/kfx/renderer/TileAtlasPacker.o
mkdir -p obj/kfx/renderer/backends/
g++ -g -DDEBUG -DBFDEBUG_LEVEL=0 -O3 -march=x86-64 -Isrc -Ideps/centijson/include -Ideps/centitoml -Ideps/astronomy/include -Ideps/enet6/include -Ideps/libcurl/include -I/usr/include/luajit-2.1 -isystem deps/glad/include  -Wall -Wextra -Wno-error -Werror=unused-result -Wno-unused-parameter -Wno-unknown-pragmas -Wno-format-truncation -Wno-sign-compare -MMD -MP -c src/kfx/renderer/backends/SoftwareCursorLayer.cpp -o obj/kfx/renderer/backends/SoftwareCursorLayer.o
mkdir -p obj/kfx/renderer/backends/
g++ -g -DDEBUG -DBFDEBUG_LEVEL=0 -O3 -march=x86-64 -Isrc -Ideps/centijson/include -Ideps/centitoml -Ideps/astronomy/include -Ideps/enet6/include -Ideps/libcurl/include -I/usr/include/luajit-2.1 -isystem deps/glad/include  -Wall -Wextra -Wno-error -Werror=unused-result -Wno-unused-parameter -Wno-unknown-pragmas -Wno-format-truncation -Wno-sign-compare -MMD -MP -c src/kfx/renderer/backends/SoftwareWorldViewRenderer.cpp -o obj/kfx/renderer/backends/SoftwareWorldViewRenderer.o
mkdir -p obj/kfx/renderer/opengl/
g++ -g -DDEBUG -DBFDEBUG_LEVEL=0 -O3 -march=x86-64 -Isrc -Ideps/centijson/include -Ideps/centitoml -Ideps/astronomy/include -Ideps/enet6/include -Ideps/libcurl/include -I/usr/include/luajit-2.1 -isystem deps/glad/include  -Wall -Wextra -Wno-error -Werror=unused-result -Wno-unused-parameter -Wno-unknown-pragmas -Wno-format-truncation -Wno-sign-compare -MMD -MP -c src/kfx/renderer/opengl/GLCursorLayer.cpp -o obj/kfx/renderer/opengl/GLCursorLayer.o
mkdir -p obj/kfx/renderer/opengl/
g++ -g -DDEBUG -DBFDEBUG_LEVEL=0 -O3 -march=x86-64 -Isrc -Ideps/centijson/include -Ideps/centitoml -Ideps/astronomy/include -Ideps/enet6/include -Ideps/libcurl/include -I/usr/include/luajit-2.1 -isystem deps/glad/include  -Wall -Wextra -Wno-error -Werror=unused-result -Wno-unused-parameter -Wno-unknown-pragmas -Wno-format-truncation -Wno-sign-compare -MMD -MP -c src/kfx/renderer/opengl/GLFunctions.cpp -o obj/kfx/renderer/opengl/GLFunctions.o
mkdir -p obj/kfx/renderer/opengl/
g++ -g -DDEBUG -DBFDEBUG_LEVEL=0 -O3 -march=x86-64 -Isrc -Ideps/centijson/include -Ideps/centitoml -Ideps/astronomy/include -Ideps/enet6/include -Ideps/libcurl/include -I/usr/include/luajit-2.1 -isystem deps/glad/include  -Wall -Wextra -Wno-error -Werror=unused-result -Wno-unused-parameter -Wno-unknown-pragmas -Wno-format-truncation -Wno-sign-compare -MMD -MP -c src/kfx/renderer/opengl/GLImagePresentPass.cpp -o obj/kfx/renderer/opengl/GLImagePresentPass.o
mkdir -p obj/kfx/renderer/opengl/
g++ -g -DDEBUG -DBFDEBUG_LEVEL=0 -O3 -march=x86-64 -Isrc -Ideps/centijson/include -Ideps/centitoml -Ideps/astronomy/include -Ideps/enet6/include -Ideps/libcurl/include -I/usr/include/luajit-2.1 -isystem deps/glad/include  -Wall -Wextra -Wno-error -Werror=unused-result -Wno-unused-parameter -Wno-unknown-pragmas -Wno-format-truncation -Wno-sign-compare -MMD -MP -c src/kfx/renderer/opengl/GLMapFadePass.cpp -o obj/kfx/renderer/opengl/GLMapFadePass.o
mkdir -p obj/kfx/renderer/opengl/
g++ -g -DDEBUG -DBFDEBUG_LEVEL=0 -O3 -march=x86-64 -Isrc -Ideps/centijson/include -Ideps/centitoml -Ideps/astronomy/include -Ideps/enet6/include -Ideps/libcurl/include -I/usr/include/luajit-2.1 -isystem deps/glad/include  -Wall -Wextra -Wno-error -Werror=unused-result -Wno-unused-parameter -Wno-unknown-pragmas -Wno-format-truncation -Wno-sign-compare -MMD -MP -c src/kfx/renderer/opengl/GLPaletteIndexLookup.cpp -o obj/kfx/renderer/opengl/GLPaletteIndexLookup.o
mkdir -p obj/kfx/renderer/opengl/
g++ -g -DDEBUG -DBFDEBUG_LEVEL=0 -O3 -march=x86-64 -Isrc -Ideps/centijson/include -Ideps/centitoml -Ideps/astronomy/include -Ideps/enet6/include -Ideps/libcurl/include -I/usr/include/luajit-2.1 -isystem deps/glad/include  -Wall -Wextra -Wno-error -Werror=unused-result -Wno-unused-parameter -Wno-unknown-pragmas -Wno-format-truncation -Wno-sign-compare -MMD -MP -c src/kfx/renderer/opengl/GLResourceMapper.cpp -o obj/kfx/renderer/opengl/GLResourceMapper.o
mkdir -p obj/kfx/renderer/opengl/
g++ -g -DDEBUG -DBFDEBUG_LEVEL=0 -O3 -march=x86-64 -Isrc -Ideps/centijson/include -Ideps/centitoml -Ideps/astronomy/include -Ideps/enet6/include -Ideps/libcurl/include -I/usr/include/luajit-2.1 -isystem deps/glad/include  -Wall -Wextra -Wno-error -Werror=unused-result -Wno-unused-parameter -Wno-unknown-pragmas -Wno-format-truncation -Wno-sign-compare -MMD -MP -c src/kfx/renderer/opengl/GLSpriteAtlas.cpp -o obj/kfx/renderer/opengl/GLSpriteAtlas.o
mkdir -p obj/kfx/renderer/opengl/
g++ -g -DDEBUG -DBFDEBUG_LEVEL=0 -O3 -march=x86-64 -Isrc -Ideps/centijson/include -Ideps/centitoml -Ideps/astronomy/include -Ideps/enet6/include -Ideps/libcurl/include -I/usr/include/luajit-2.1 -isystem deps/glad/include  -Wall -Wextra -Wno-error -Werror=unused-result -Wno-unused-parameter -Wno-unknown-pragmas -Wno-format-truncation -Wno-sign-compare -MMD -MP -c src/kfx/renderer/opengl/GLTextRenderer.cpp -o obj/kfx/renderer/opengl/GLTextRenderer.o
mkdir -p obj/kfx/renderer/opengl/
g++ -g -DDEBUG -DBFDEBUG_LEVEL=0 -O3 -march=x86-64 -Isrc -Ideps/centijson/include -Ideps/centitoml -Ideps/astronomy/include -Ideps/enet6/include -Ideps/libcurl/include -I/usr/include/luajit-2.1 -isystem deps/glad/include  -Wall -Wextra -Wno-error -Werror=unused-result -Wno-unused-parameter -Wno-unknown-pragmas -Wno-format-truncation -Wno-sign-compare -MMD -MP -c src/kfx/renderer/opengl/GLTileAtlas.cpp -o obj/kfx/renderer/opengl/GLTileAtlas.o
mkdir -p obj/kfx/renderer/opengl/
g++ -g -DDEBUG -DBFDEBUG_LEVEL=0 -O3 -march=x86-64 -Isrc -Ideps/centijson/include -Ideps/centitoml -Ideps/astronomy/include -Ideps/enet6/include -Ideps/libcurl/include -I/usr/include/luajit-2.1 -isystem deps/glad/include  -Wall -Wextra -Wno-error -Werror=unused-result -Wno-unused-parameter -Wno-unknown-pragmas -Wno-format-truncation -Wno-sign-compare -MMD -MP -c src/kfx/renderer/opengl/GLUIRenderer.cpp -o obj/kfx/renderer/opengl/GLUIRenderer.o
mkdir -p obj/kfx/renderer/opengl/
g++ -g -DDEBUG -DBFDEBUG_LEVEL=0 -O3 -march=x86-64 -Isrc -Ideps/centijson/include -Ideps/centitoml -Ideps/astronomy/include -Ideps/enet6/include -Ideps/libcurl/include -I/usr/include/luajit-2.1 -isystem deps/glad/include  -Wall -Wextra -Wno-error -Werror=unused-result -Wno-unused-parameter -Wno-unknown-pragmas -Wno-format-truncation -Wno-sign-compare -MMD -MP -c src/kfx/renderer/opengl/GLWorldViewRenderer.cpp -o obj/kfx/renderer/opengl/GLWorldViewRenderer.o
mkdir -p obj/kfx/renderer/opengl/
g++ -g -DDEBUG -DBFDEBUG_LEVEL=0 -O3 -march=x86-64 -Isrc -Ideps/centijson/include -Ideps/centitoml -Ideps/astronomy/include -Ideps/enet6/include -Ideps/libcurl/include -I/usr/include/luajit-2.1 -isystem deps/glad/include  -Wall -Wextra -Wno-error -Werror=unused-result -Wno-unused-parameter -Wno-unknown-pragmas -Wno-format-truncation -Wno-sign-compare -MMD -MP -c src/kfx/renderer/opengl/GLZoomBoxTilesPass.cpp -o obj/kfx/renderer/opengl/GLZoomBoxTilesPass.o
mkdir -p obj/kfx/ui/
g++ -g -DDEBUG -DBFDEBUG_LEVEL=0 -O3 -march=x86-64 -Isrc -Ideps/centijson/include -Ideps/centitoml -Ideps/astronomy/include -Ideps/enet6/include -Ideps/libcurl/include -I/usr/include/luajit-2.1 -isystem deps/glad/include  -Wall -Wextra -Wno-error -Werror=unused-result -Wno-unused-parameter -Wno-unknown-pragmas -Wno-format-truncation -Wno-sign-compare -MMD -MP -c src/kfx/ui/GameUI.cpp -o obj/kfx/ui/GameUI.o
mkdir -p obj/
g++ -g -DDEBUG -DBFDEBUG_LEVEL=0 -O3 -march=x86-64 -Isrc -Ideps/centijson/include -Ideps/centitoml -Ideps/astronomy/include -Ideps/enet6/include -Ideps/libcurl/include -I/usr/include/luajit-2.1 -isystem deps/glad/include  -Wall -Wextra -Wno-error -Werror=unused-result -Wno-unused-parameter -Wno-unknown-pragmas -Wno-format-truncation -Wno-sign-compare -MMD -MP -c src/main.cpp -o obj/main.o
mkdir -p obj/
g++ -g -DDEBUG -DBFDEBUG_LEVEL=0 -O3 -march=x86-64 -Isrc -Ideps/centijson/include -Ideps/centitoml -Ideps/astronomy/include -Ideps/enet6/include -Ideps/libcurl/include -I/usr/include/luajit-2.1 -isystem deps/glad/include  -Wall -Wextra -Wno-error -Werror=unused-result -Wno-unused-parameter -Wno-unknown-pragmas -Wno-format-truncation -Wno-sign-compare -MMD -MP -c src/net_resync.cpp -o obj/net_resync.o
mkdir -p obj/
g++ -g -DDEBUG -DBFDEBUG_LEVEL=0 -O3 -march=x86-64 -Isrc -Ideps/centijson/include -Ideps/centitoml -Ideps/astronomy/include -Ideps/enet6/include -Ideps/libcurl/include -I/usr/include/luajit-2.1 -isystem deps/glad/include  -Wall -Wextra -Wno-error -Werror=unused-result -Wno-unused-parameter -Wno-unknown-pragmas -Wno-format-truncation -Wno-sign-compare -MMD -MP -c src/player_computer_data.cpp -o obj/player_computer_data.o
mkdir -p obj/
g++ -g -DDEBUG -DBFDEBUG_LEVEL=0 -O3 -march=x86-64 -Isrc -Ideps/centijson/include -Ideps/centitoml -Ideps/astronomy/include -Ideps/enet6/include -Ideps/libcurl/include -I/usr/include/luajit-2.1 -isystem deps/glad/include  -Wall -Wextra -Wno-error -Werror=unused-result -Wno-unused-parameter -Wno-unknown-pragmas -Wno-format-truncation -Wno-sign-compare -MMD -MP -c src/sound_manager.cpp -o obj/sound_manager.o
mkdir -p obj/
g++ -g -DDEBUG -DBFDEBUG_LEVEL=0 -O3 -march=x86-64 -Isrc -Ideps/centijson/include -Ideps/centitoml -Ideps/astronomy/include -Ideps/enet6/include -Ideps/libcurl/include -I/usr/include/luajit-2.1 -isystem deps/glad/include  -Wall -Wextra -Wno-error -Werror=unused-result -Wno-unused-parameter -Wno-unknown-pragmas -Wno-format-truncation -Wno-sign-compare -MMD -MP -c src/spritesheet.cpp -o obj/spritesheet.o
mkdir -p obj/
g++ -g -DDEBUG -DBFDEBUG_LEVEL=0 -O3 -march=x86-64 -Isrc -Ideps/centijson/include -Ideps/centitoml -Ideps/astronomy/include -Ideps/enet6/include -Ideps/libcurl/include -I/usr/include/luajit-2.1 -isystem deps/glad/include  -Wall -Wextra -Wno-error -Werror=unused-result -Wno-unused-parameter -Wno-unknown-pragmas -Wno-format-truncation -Wno-sign-compare -MMD -MP -c src/vidmode_data.cpp -o obj/vidmode_data.o
cc -O3 -march=x86-64 -Isrc -Ideps/centijson/include -Wall -Wextra -Wno-error -Wno-unused-parameter -c deps/centitoml/toml_api.c -o obj/centitoml/toml_api.o
g++ -o bin/keeperfx obj/actionpt.o obj/api.o obj/ariadne.o obj/ariadne_edge.o obj/ariadne_findcache.o obj/ariadne_naviheap.o obj/ariadne_navitree.o obj/ariadne_points.o obj/ariadne_regions.o obj/ariadne_tringls.o obj/ariadne_update.o obj/ariadne_wallhug.o obj/bflib_basics.o obj/bflib_coroutine.o obj/bflib_cpu.o obj/bflib_crash.o obj/bflib_dernc.o obj/bflib_fileio.o obj/bflib_filelst.o obj/bflib_guibtns.o obj/bflib_keybrd.o obj/bflib_math.o obj/bflib_netsession.o obj/net_exchange_common.o obj/net_exchange_gameplay.o obj/net_main.o obj/net_lobby.o obj/bflib_planar.o obj/kfx/renderer/software/bflib_render.o obj/kfx/renderer/software/bflib_render_gpoly.o obj/kfx/renderer/software/bflib_render_trig.o obj/bflib_sound.o obj/bflib_sprfnt.o obj/bflib_string.o obj/bflib_text.o obj/bflib_video.o obj/kfx/renderer/software/bflib_vidraw.o obj/kfx/renderer/software/bflib_vidraw_spr_norm.o obj/kfx/renderer/software/bflib_vidraw_spr_onec.o obj/kfx/renderer/software/bflib_vidraw_spr_remp.o obj/kfx/renderer/software/SwDrawTarget.o obj/kfx/renderer/software/SwDisplaySurface.o obj/kfx/renderer/software/SwZoomBoxTiles.o obj/kfx/renderer/RendererSettings.o obj/kfx/ai/TargetSearchProbe.o obj/button_snapping.o obj/config.o obj/config_campaigns.o obj/config_creature.o obj/config_crtrmodel.o obj/config_crtrstates.o obj/config_keeperfx.o obj/config_lenses.o obj/config_magic.o obj/config_mods.o obj/config_objects.o obj/config_players.o obj/config_powerhands.o obj/config_rules.o obj/config_sounds.o obj/config_settings.o obj/config_slabsets.o obj/config_strings.o obj/config_terrain.o obj/config_cubes.o obj/config_textures.o obj/config_translation.o obj/config_trapdoor.o obj/config_spritecolors.o obj/console_cmd.o obj/custom_sprites.o obj/custom_zip.o obj/creature_battle.o obj/creature_control.o obj/creature_graphics.o obj/creature_groups.o obj/creature_instances.o obj/creature_jobs.o obj/creature_senses.o obj/creature_states.o obj/creature_states_barck.o obj/creature_states_combt.o obj/creature_states_gardn.o obj/creature_states_guard.o obj/creature_states_hero.o obj/creature_states_lair.o obj/creature_states_mood.o obj/creature_states_pray.o obj/creature_states_prisn.o obj/creature_states_rsrch.o obj/creature_states_scavn.o obj/creature_states_spdig.o obj/creature_states_tortr.o obj/creature_states_train.o obj/creature_states_tresr.o obj/creature_states_wrshp.o obj/cursor_tag.o obj/dungeon_data.o obj/dungeon_stats.o obj/engine_arrays.o obj/engine_camera.o obj/local_camera.o obj/engine_lenses.o obj/engine_redraw.o obj/engine_render.o obj/engine_textures.o obj/front_credits.o obj/front_easter.o obj/front_fmvids.o obj/front_highscore.o obj/front_input.o obj/front_landview.o obj/front_landview_multiplayer.o obj/front_lvlstats.o obj/front_network.o obj/front_simple.o obj/front_torture.o obj/frontmenu_select.o obj/frontmenu_ingame_evnt.o obj/frontmenu_ingame_map.o obj/frontmenu_ingame_opts.o obj/frontmenu_ingame_tabs.o obj/frontmenu_net.o obj/frontmenu_options.o obj/frontmenu_saves.o obj/frontmenu_specials.o obj/game_heap.o obj/game_legacy.o obj/game_loop.o obj/game_lghtshdw.o obj/game_merge.o obj/game_saves.o obj/gui_boxmenu.o obj/gui_draw.o obj/gui_frontbtns.o obj/gui_frontmenu.o obj/gui_msgs.o obj/gui_parchment.o obj/gui_tooltips.o obj/gui_topmsg.o obj/gui_vscroll.o obj/highscores.o obj/kjm_input.o obj/lens_api.o obj/config_effects.o obj/kfx_memory.o obj/light_data.o obj/lua_api.o obj/lua_api_lens.o obj/lua_api_map.o obj/lua_api_player.o obj/lua_api_room.o obj/lua_api_things.o obj/lua_api_slabs.o obj/lua_api_sound.o obj/lua_base.o obj/lua_api_camera.o obj/lua_cfg_funcs.o obj/lua_params.o obj/lua_triggers.o obj/lua_utils.o obj/lvl_filesdk1.o obj/lvl_script.o obj/lvl_script_commands.o obj/lvl_script_commands_old.o obj/lvl_script_lib.o obj/lvl_script_conditions.o obj/lvl_script_value.o obj/magic_powers.o obj/main_game.o obj/map_blocks.o obj/map_columns.o obj/map_ceiling.o obj/map_data.o obj/map_events.o obj/map_locations.o obj/map_utils.o obj/moonphase.o obj/net_checksums.o obj/net_game.o obj/net_holepunch.o obj/net_matchmaking.o obj/net_lan.o obj/net_input_lag.o obj/packets.o obj/packets_cheats.o obj/packets_input.o obj/packets_misc.o obj/player_compchecks.o obj/player_compevents.o obj/player_complookup.o obj/config_compp.o obj/player_compprocs.o obj/player_comptask.o obj/player_computer.o obj/player_data.o obj/player_instances.o obj/player_utils.o obj/power_hand.o obj/power_process.o obj/power_specials.o obj/room_data.o obj/room_entrance.o obj/room_garden.o obj/room_graveyard.o obj/room_jobs.o obj/room_lair.o obj/room_library.o obj/room_list.o obj/room_scavenge.o obj/room_treasure.o obj/room_util.o obj/room_workshop.o obj/roomspace.o obj/roomspace_detection.o obj/roomspace_prediction.o obj/scrcapt.o obj/slab_data.o obj/sounds.o obj/spdigger_stack.o obj/tasks_list.o obj/thing_corpses.o obj/thing_creature.o obj/thing_data.o obj/thing_doors.o obj/thing_effects.o obj/thing_factory.o obj/thing_list.o obj/thing_navigate.o obj/thing_objects.o obj/thing_physics.o obj/thing_shots.o obj/thing_stats.o obj/thing_traps.o obj/timer.o obj/value_util.o obj/vidfade.o obj/vidmode.o obj/bflib_datetm.o obj/bflib_enet.o obj/net_portforward.o obj/bflib_fmvids.o obj/bflib_input_joyst.o obj/bflib_inputctrl.o obj/bflib_main.o obj/bflib_mouse.o obj/bflib_mshandler.o obj/bflib_mspointer.o obj/bflib_netsp.o obj/bflib_sndlib.o obj/engine_render_data.o obj/front_lvlstats_data.o obj/front_torture_data.o obj/frontend.o obj/frontmenu_ingame_evnt_data.o obj/frontmenu_ingame_opts_data.o obj/frontmenu_ingame_tabs_data.o obj/frontmenu_net_data.o obj/frontmenu_options_data.o obj/frontmenu_saves_data.o obj/frontmenu_select_data.o obj/game_update.o obj/gui_soundmsgs.o obj/kfx/platform/PlatformManager.o obj/kfx/platform/PlatformLinux.o obj/kfx/platform/WindowSystemSDL.o obj/kfx/renderer/ITextRenderer.o obj/kfx/renderer/IUIRenderer.o obj/kfx/renderer/RendererManager.o obj/kfx/renderer/RendererSoftware.o obj/kfx/lense/DisplacementEffect.o obj/kfx/lense/FlyeyeEffect.o obj/kfx/lense/LensEffect.o obj/kfx/lense/LensManager.o obj/kfx/lense/LuaLensEffect.o obj/kfx/lense/MistEffect.o obj/kfx/lense/OverlayEffect.o obj/kfx/lense/PaletteEffect.o obj/kfx/platform/GLContextSDL.o obj/kfx/renderer/PaletteTransform.o obj/kfx/renderer/RenderGraph.o obj/kfx/renderer/RenderTaskProducerRegistry.o obj/kfx/renderer/RenderThreadManager.o obj/kfx/renderer/RendererBridge_UI.o obj/kfx/renderer/RendererFrameCounter.o obj/kfx/renderer/RendererOpenGL.o obj/kfx/renderer/RendererThread.o obj/kfx/renderer/TileAtlasPacker.o obj/kfx/renderer/backends/SoftwareCursorLayer.o obj/kfx/renderer/backends/SoftwareWorldViewRenderer.o obj/kfx/renderer/opengl/GLCursorLayer.o obj/kfx/renderer/opengl/GLFunctions.o obj/kfx/renderer/opengl/GLImagePresentPass.o obj/kfx/renderer/opengl/GLMapFadePass.o obj/kfx/renderer/opengl/GLPaletteIndexLookup.o obj/kfx/renderer/opengl/GLResourceMapper.o obj/kfx/renderer/opengl/GLSpriteAtlas.o obj/kfx/renderer/opengl/GLTextRenderer.o obj/kfx/renderer/opengl/GLTileAtlas.o obj/kfx/renderer/opengl/GLUIRenderer.o obj/kfx/renderer/opengl/GLWorldViewRenderer.o obj/kfx/renderer/opengl/GLZoomBoxTilesPass.o obj/kfx/ui/GameUI.o obj/main.o obj/net_resync.o obj/player_computer_data.o obj/sound_manager.o obj/spritesheet.o obj/vidmode_data.o obj/centitoml/toml_api.o obj/glad/glad.o -g -rdynamic -Wall -Wextra -Wno-error -Ldeps/astronomy -lastronomy -Ldeps/centijson -ljson -Ldeps/enet6 -lenet6 -lSDL3 -lSDL3_mixer -lSDL3 -lSDL3_image -lSDL3 -lavformat -lavcodec -lswresample -lswscale -lavutil -lopenal -lluajit-5.1 -lspng -lminizip -lz -lminiupnpc -lnatpmp -Ldeps/libcurl/lib -lcurl -lssl -lcrypto -lzstd -ldl

real	0m26.754s
user	3m11.924s
sys	0m12.740s
